user_id,name,email,password,city,registration_date
1,Sari Kusumo,kusumo.sari@xmail.com,_*g4V#Hh!T,Ambon,2018-01-01
2,Galuh Anggraini,anggraini.galuh@xmail.com,w4&*EWgg^y,Samarinda,2018-01-02
3,Harjo Hidayat,hidayat.harjo@xmail.com,y3YGLn0E!j,Cilegon,2018-01-03
4,Wahyu Wibowo,wibowo.wahyu@xmail.com,Bi%8lHHvTf,Bogor,2018-01-03
5,Jumadi Purwanti,purwanti.jumadi@xmail.com,JsEz_OX4+(,Purwokerto,2018-01-04
6,Ajimin Zulaika,zulaika.ajimin@xmail.com,h1D9V!ff+r,Bukittinggi,2018-01-05
7,Pangeran Marpaung,marpaung.pangeran@xmail.com,B8ArnA%t(&,Surabaya,2018-01-05
8,Wasis Pudjiastuti,pudjiastuti.wasis@xmail.com,#4RQ2tzaKQ,Semarang,2018-01-06
9,Irnanto Ardianto,ardianto.irnanto@xmail.com,t@^0b3HcUM,Surabaya,2018-01-06
10,Setya Thamrin,thamrin.setya@xmail.com,%a&6Ol(xR_,Palembang,2018-01-07
11,Humaira Januar,januar.humaira@xmail.com,uo0N8HAc!7,Bukittinggi,2018-01-08
12,Harjasa Sihombing,sihombing.harjasa@xmail.com,SS%0Ppxx^$,Salatiga,2018-01-09
13,Jumadi Prastuti,prastuti.jumadi@xmail.com,)0Qv3T5cbA,Batu,2018-01-10
14,Gawati Prabowo,prabowo.gawati@xmail.com,r4E+leXz(!,Binjai,2018-01-10
15,Dariati Puspasari,puspasari.dariati@xmail.com,#D4pJtt$Yn,Ternate,2018-01-11
16,Tasdik Puspasari,puspasari.tasdik@xmail.com,+6dR#aSJ$E,Sabang,2018-01-11
17,Rahmat Safitri,safitri.rahmat@xmail.com,y+2@HCflpl,Parepare,2018-01-12
18,Ibun Pangestu,pangestu.ibun@xmail.com,5zaH8JjD*c,Cirebon,2018-01-13
19,Kania Saptono,saptono.kania@xmail.com,DkK1(Tn$!Q,Surakarta,2018-01-14
20,Mitra Oktaviani,oktaviani.mitra@xmail.com,PbCdX2jG^1,Langsa,2018-01-15
21,Kemal Pranowo,pranowo.kemal@xmail.com,Bub9kTga9&,Jayapura,2018-01-15
22,Hasta Maulana,maulana.hasta@xmail.com,X!0HUfpH_c,Banjarbaru,2018-01-15
23,Ifa Prayoga,prayoga.ifa@xmail.com,MR@7EKmzJt,Yogyakarta,2018-01-16
24,Eva Laksita,laksita.eva@xmail.com,^98BR3Io_%,Banjarmasin,2018-01-16
25,Hendri Andriani,andriani.hendri@xmail.com,piGWEhpa&9,Kota Administrasi Jakarta Timur,2018-01-17
26,Teddy Laksita,laksita.teddy@xmail.com,!H6M)YKvT#,Metro,2018-01-17
27,Marwata Prabowo,prabowo.marwata@xmail.com,*5wKnMh$wy,Kendari,2018-01-18
28,Dono Kusmawati,kusmawati.dono@xmail.com,M6F1Sfg0B_,Semarang,2018-01-18
29,Zahra Utami,utami.zahra@xmail.com,$1lkT$Wy^Z,Mataram,2018-01-19
30,Rahmi Haryanti,haryanti.rahmi@xmail.com,g+72NNKf7p,Salatiga,2018-01-20
31,Oni Winarsih,winarsih.oni@xmail.com,o&35DrAp!w,Tanjungbalai,2018-01-20
32,Wawan Yuliarti,yuliarti.wawan@xmail.com,@9H+7OSzzS,Tebingtinggi,2018-01-21
33,Harsana Sihotang,sihotang.harsana@xmail.com,@4YfwQ8*84,Kota Administrasi Jakarta Utara,2018-01-22
34,Bakijan Habibi,habibi.bakijan@xmail.com,Z(*!9NWe64,Bukittinggi,2018-01-22
35,Emin Pratiwi,pratiwi.emin@xmail.com,%dWHjGtAV1,Kota Administrasi Jakarta Selatan,2018-01-22
36,Tania Hutapea,hutapea.tania@xmail.com,^!L3F5reL#,Probolinggo,2018-01-22
37,Ihsan Yuliarti,yuliarti.ihsan@xmail.com,%4WmuKMc#E,Palangkaraya,2018-01-23
38,Mariadi Suartini,suartini.mariadi@xmail.com,xn0wCb7hh%,Subulussalam,2018-01-24
39,Ani Iswahyudi,iswahyudi.ani@xmail.com,B*+I5Nki#&,Surabaya,2018-01-25
40,Halima Hariyah,hariyah.halima@xmail.com,Eh0GqSuKd&,Purwokerto,2018-01-26
41,Rahman Iswahyudi,iswahyudi.rahman@xmail.com,Z+OdeINM$1,Kota Administrasi Jakarta Utara,2018-01-26
42,Radit Siregar,siregar.radit@xmail.com,fnU4qAjCi(,Padang Sidempuan,2018-01-26
43,Bakianto Simanjuntak,simanjuntak.bakianto@xmail.com,W7ka+x)z+*,Padang Sidempuan,2018-01-26
44,Shakila Mangunsong,mangunsong.shakila@xmail.com,7iapppGB@Z,Sorong,2018-01-27
45,Yani Suwarno,suwarno.yani@xmail.com,ie*NA#d%$1,Cimahi,2018-01-27
46,Gara Hutapea,hutapea.gara@xmail.com,5)6M6T!vsc,Subulussalam,2018-01-28
47,Samsul Ramadan,ramadan.samsul@xmail.com,**GEGd@mH4,Sibolga,2018-01-28
48,Niyaga Prasetya,prasetya.niyaga@xmail.com,c_3oTiZAKU,Cirebon,2018-01-29
49,Himawan Mustofa,mustofa.himawan@xmail.com,tn5QNlqD(x,Bekasi,2018-01-29
50,Paiman Budiman,budiman.paiman@xmail.com,Fo78ZDbMX%,Tanjungpinang,2018-01-30
51,Lukita Yulianti,yulianti.lukita@xmail.com,wb1*r_Ebg&,Singkawang,2018-01-31
52,Rahman Setiawan,setiawan.rahman@xmail.com,K!E5FsZo8G,Banjarbaru,2018-01-31
53,Mulyanto Prasasta,prasasta.mulyanto@xmail.com,n9GmcjkW#y,Blitar,2018-01-31
54,Among Tamba,tamba.among@xmail.com,$$gQKNjPa9,Sukabumi,2018-02-01
55,Aswani Halim,halim.aswani@xmail.com,*eKsN_vY*6,Pekalongan,2018-02-01
56,Nurul Astuti,astuti.nurul@xmail.com,qS@J1UnufB,Bekasi,2018-02-01
57,Cawisono Iswahyudi,iswahyudi.cawisono@xmail.com,&)%wXxIqv1,Samarinda,2018-02-01
58,Cinthia Prabowo,prabowo.cinthia@xmail.com,7T(8HJTi#d,Denpasar,2018-02-01
59,Kenes Saragih,saragih.kenes@xmail.com,qfH_5Ah3J^,Bukittinggi,2018-02-02
60,Galih Safitri,safitri.galih@xmail.com,!NK1I(o8cO,Ambon,2018-02-02
61,Hasan Sihombing,sihombing.hasan@xmail.com,$2OJ)RYibE,Samarinda,2018-02-02
62,Sidiq Pertiwi,pertiwi.sidiq@xmail.com,H60wJddK&K,Jayapura,2018-02-03
63,Mulyanto Narpati,narpati.mulyanto@xmail.com,R@8DwZ_d6U,Tangerang Selatan,2018-02-04
64,Julia Yuniar,yuniar.julia@xmail.com,B_MY9KE^Mu,Pangkalpinang,2018-02-05
65,Kania Puspasari,puspasari.kania@xmail.com,+10OwLmzy&,Pontianak,2018-02-06
66,Elisa Suryatmi,suryatmi.elisa@xmail.com,Gj5$YLCTG#,Malang,2018-02-06
67,Lukman Yolanda,yolanda.lukman@xmail.com,e6TZCEtw+t,Mataram,2018-02-07
68,Lasmanto Najmudin,najmudin.lasmanto@xmail.com,2z59kPYpQ$,Padang Sidempuan,2018-02-07
69,Omar Wastuti,wastuti.omar@xmail.com,9hLR3lOt+w,Cilegon,2018-02-07
70,Heru Suartini,suartini.heru@xmail.com,N#v4Q)BuLP,Bandar Lampung,2018-02-08
71,Radit Habibi,habibi.radit@xmail.com,&&LB*eCh#8,Banda Aceh,2018-02-08
72,Kambali Pratama,pratama.kambali@xmail.com,t(9X$JkL#8,Kupang,2018-02-08
73,Sidiq Adriansyah,adriansyah.sidiq@xmail.com,)b&y^5HsTG,Tidore Kepulauan,2018-02-09
74,Anggabaya Tamba,tamba.anggabaya@xmail.com,@5Hh)EDxnc,Dumai,2018-02-10
75,Bakianto Pangestu,pangestu.bakianto@xmail.com,Hm!#Z5Jqa8,Tanjungbalai,2018-02-10
76,Almira Uwais,uwais.almira@xmail.com,f^(mS4ZcAW,Banjar,2018-02-11
77,Nrima Susanti,susanti.nrima@xmail.com,&4Uzlcw_Wj,Mataram,2018-02-11
78,Pranata Purnawati,purnawati.pranata@xmail.com,LF9^_FEv!@,Kota Administrasi Jakarta Selatan,2018-02-12
79,Karma Hassanah,hassanah.karma@xmail.com,t9)pJwK&$o,Cilegon,2018-02-13
80,Sarah Natsir,natsir.sarah@xmail.com,y^5O8UHd)r,Yogyakarta,2018-02-13
81,Reza Permata,permata.reza@xmail.com,@2K)nSViuP,Cimahi,2018-02-14
82,Gaman Sinaga,sinaga.gaman@xmail.com,+oLYSqARP3,Bau-Bau,2018-02-14
83,Bakijan Yuniar,yuniar.bakijan@xmail.com,)4ZOU9wglc,Palembang,2018-02-14
84,Radika Laksmiwati,laksmiwati.radika@xmail.com,_*B3KHit*5,Bengkulu,2018-02-14
85,Baktianto Siregar,siregar.baktianto@xmail.com,&9mvf2NhMr,Kendari,2018-02-14
86,Irfan Padmasari,padmasari.irfan@xmail.com,^raMRBjrf0,Mataram,2018-02-15
87,Intan Suwarno,suwarno.intan@xmail.com,i8Qo(yHk@6,Pekalongan,2018-02-16
88,Bajragin Gunawan,gunawan.bajragin@xmail.com,lQ+s_WBk!2,Parepare,2018-02-17
89,Anom Uwais,uwais.anom@xmail.com,^sNYW7asU1,Bontang,2018-02-17
90,Wulan Prasasta,prasasta.wulan@xmail.com,2K9W3dXM!f,Pontianak,2018-02-18
91,Parman Sihotang,sihotang.parman@xmail.com,Scq#7RNk8A,Malang,2018-02-19
92,Ira Saefullah,saefullah.ira@xmail.com,SsH1S_$v%u,Sabang,2018-02-19
93,Zulaikha Saputra,saputra.zulaikha@xmail.com,#5TRZ$xf1j,Pariaman,2018-02-20
94,Samiah Pangestu,pangestu.samiah@xmail.com,%i55goJuIn,Bandung,2018-02-21
95,Ajiman Salahudin,salahudin.ajiman@xmail.com,)z9ODoMk(0,Kupang,2018-02-22
96,Jasmin Wulandari,wulandari.jasmin@xmail.com,snQ$2T_u67,Sawahlunto,2018-02-23
97,Karen Anggriawan,anggriawan.karen@xmail.com,%(A5WheB(%,Bogor,2018-02-24
98,Yahya Mangunsong,mangunsong.yahya@xmail.com,d9ilnLcW*n,Banjarmasin,2018-02-24
99,Hana Mayasari,mayasari.hana@xmail.com,$pKcfORe%9,Tangerang,2018-02-24
100,Latif Damanik,damanik.latif@xmail.com,4^&dS4AxM9,Metro,2018-02-24
101,Caraka Zulaika,zulaika.caraka@xmail.com,p(z8)yEu_M,Bukittinggi,2018-02-25
102,Kusuma Nainggolan,nainggolan.kusuma@xmail.com,+Xv15%Bzbq,Probolinggo,2018-02-26
103,Ibrahim Hakim,hakim.ibrahim@xmail.com,#gBWJBA_8h,Sorong,2018-02-26
104,Winda Aryani,aryani.winda@xmail.com,(b7BB+FlNo,Padangpanjang,2018-02-26
105,Ifa Nuraini,nuraini.ifa@xmail.com,36uH&f27#i,Pariaman,2018-02-27
106,Hamzah Sitorus,sitorus.hamzah@xmail.com,x(zN50Gg%j,Kota Administrasi Jakarta Selatan,2018-02-28
107,Najib Mulyani,mulyani.najib@xmail.com,yM7tDIz4_*,Magelang,2018-03-01
108,Jagaraga Wibowo,wibowo.jagaraga@xmail.com,3cPmxZOr)0,Batu,2018-03-01
109,Uli Hardiansyah,hardiansyah.uli@xmail.com,!e!PEXuX6O,Banda Aceh,2018-03-02
110,Cindy Wulandari,wulandari.cindy@xmail.com,&2XDdk^wL5,Padang,2018-03-02
111,Prabu Waluyo,waluyo.prabu@xmail.com,!0O7BTpuR(,Batu,2018-03-03
112,Yani Setiawan,setiawan.yani@xmail.com,1o@3_Vbu(9,Tomohon,2018-03-03
113,Estiono Hutapea,hutapea.estiono@xmail.com,KoD5wBjd(z,Palangkaraya,2018-03-04
114,Hardana Zulaika,zulaika.hardana@xmail.com,)le&6CYyB*,Bima,2018-03-04
115,Eman Irawan,irawan.eman@xmail.com,T6@O&WCG#r,Tangerang Selatan,2018-03-05
116,Prabawa Narpati,narpati.prabawa@xmail.com,O#4JN^6iYV,Ambon,2018-03-06
117,Prima Sitorus,sitorus.prima@xmail.com,KJma)6ZkN1,Madiun,2018-03-07
118,Parman Setiawan,setiawan.parman@xmail.com,2&5i@fDsln,Kendari,2018-03-08
119,Johan Wahyuni,wahyuni.johan@xmail.com,^mNZPudS#6,Cimahi,2018-03-09
120,Sakura Suryatmi,suryatmi.sakura@xmail.com,ZxC!*9UvTc,Yogyakarta,2018-03-10
121,Winda Rahmawati,rahmawati.winda@xmail.com,z89u&Egl+k,Tebingtinggi,2018-03-10
122,Zamira Hartati,hartati.zamira@xmail.com,l(o1c0Jb^+,Sorong,2018-03-10
123,Gading Nashiruddin,nashiruddin.gading@xmail.com,gr6M!a8e_U,Binjai,2018-03-10
124,Karna Winarsih,winarsih.karna@xmail.com,W*8UokmeAX,Binjai,2018-03-10
125,Ghani Wahyudin,wahyudin.ghani@xmail.com,I_21ZQZmT+,Manado,2018-03-10
126,Ajiman Laksita,laksita.ajiman@xmail.com,PO3MrO&##9,Salatiga,2018-03-11
127,Anastasia Pudjiastuti,pudjiastuti.anastasia@xmail.com,(Sz1SiKdJg,Malang,2018-03-12
128,Cayadi Farida,farida.cayadi@xmail.com,gcGXzXkm@3,Tarakan,2018-03-13
129,Lanang Siregar,siregar.lanang@xmail.com,m_h)%4Qv)_,Samarinda,2018-03-14
130,Rahayu Santoso,santoso.rahayu@xmail.com,^6iHhMqo_V,Jambi,2018-03-15
131,Sidiq Prabowo,prabowo.sidiq@xmail.com,*4KNDc$jkM,Dumai,2018-03-16
132,Yunita Mustofa,mustofa.yunita@xmail.com,_4&Fa$YihJ,Blitar,2018-03-17
133,Maimunah Prasetyo,prasetyo.maimunah@xmail.com,d(7JA^ag*B,Singkawang,2018-03-17
134,Salsabila Marbun,marbun.salsabila@xmail.com,Y+*5pXghVG,Sukabumi,2018-03-18
135,Cawisadi Prayoga,prayoga.cawisadi@xmail.com,(jd9aATxh9,Kendari,2018-03-18
136,Betania Uyainah,uyainah.betania@xmail.com,)a)pQFciw1,Banjar,2018-03-19
137,Banawa Widodo,widodo.banawa@xmail.com,PI4&RUwA(3,Lhokseumawe,2018-03-20
138,Zelaya Fujiati,fujiati.zelaya@xmail.com,&K3XABgh+d,Cimahi,2018-03-21
139,Paiman Mahendra,mahendra.paiman@xmail.com,j#48%XUdL+,Kota Administrasi Jakarta Pusat,2018-03-22
140,Danang Pertiwi,pertiwi.danang@xmail.com,P$p_1HxupS,Samarinda,2018-03-22
141,Panca Lazuardi,lazuardi.panca@xmail.com,lyw0F8ohS(,Semarang,2018-03-23
142,Aurora Napitupulu,napitupulu.aurora@xmail.com,68IYzoqw+a,Padangpanjang,2018-03-24
143,Ani Halim,halim.ani@xmail.com,#4QdFyb*)C,Kendari,2018-03-24
144,Lamar Rajata,rajata.lamar@xmail.com,C65W_x(*^B,Lhokseumawe,2018-03-25
145,Wira Saptono,saptono.wira@xmail.com,@n1#FCz6EP,Sabang,2018-03-25
146,Humaira Prayoga,prayoga.humaira@xmail.com,@z%jD2Hcv7,Dumai,2018-03-26
147,Safina Handayani,handayani.safina@xmail.com,#v1uZfOkJE,Sukabumi,2018-03-27
148,Lantar Mandasari,mandasari.lantar@xmail.com,&GJZkPzb&8,Meulaboh,2018-03-27
149,Kayun Najmudin,najmudin.kayun@xmail.com,5l8ThEV5!6,Samarinda,2018-03-27
150,Prayoga Thamrin,thamrin.prayoga@xmail.com,Bg2VHEUs#n,Bandung,2018-03-27
151,Cemeti Hakim,hakim.cemeti@xmail.com,QaH2)fto$9,Batu,2018-03-27
152,Pangeran Wijayanti,wijayanti.pangeran@xmail.com,A_9Dkka0x&,Lhokseumawe,2018-03-27
153,Yunita Sihombing,sihombing.yunita@xmail.com,wX2zx#Wax#,Tidore Kepulauan,2018-03-28
154,Chandra Prakasa,prakasa.chandra@xmail.com,^5eZrLFu^6,Cimahi,2018-03-29
155,Raden Lailasari,lailasari.raden@xmail.com,*&5acRmo9B,Tegal,2018-03-29
156,Cakrawala Pudjiastuti,pudjiastuti.cakrawala@xmail.com,s5JTtK$C@I,Mojokerto,2018-03-29
157,Kani Pudjiastuti,pudjiastuti.kani@xmail.com,!*mY2*BlyN,Surabaya,2018-03-29
158,Karta Iswahyudi,iswahyudi.karta@xmail.com,F81$KMfT_d,Purwokerto,2018-03-30
159,Banawi Wibisono,wibisono.banawi@xmail.com,qR6N^sevs(,Cimahi,2018-03-30
160,Indra Nababan,nababan.indra@xmail.com,zKzY0Nct#G,Balikpapan,2018-03-30
161,Padmi Rahmawati,rahmawati.padmi@xmail.com,+TVx6*Dnq(,Bandung,2018-03-31
162,Gangsar Saefullah,saefullah.gangsar@xmail.com,c&H2T$NtFD,Langsa,2018-03-31
163,Timbul Sinaga,sinaga.timbul@xmail.com,&KTINQu%%6,Cirebon,2018-03-31
164,Harsana Pangestu,pangestu.harsana@xmail.com,$EBFMHuo!3,Malang,2018-04-01
165,Gamanto Rajata,rajata.gamanto@xmail.com,+0JxpZcaI1,Jayapura,2018-04-02
166,Johan Sudiati,sudiati.johan@xmail.com,pL4ANmV!%4,Tangerang Selatan,2018-04-03
167,Darijan Laksmiwati,laksmiwati.darijan@xmail.com,C85waIu5%@,Sungai Penuh,2018-04-03
168,Almira Sihombing,sihombing.almira@xmail.com,gV6mMmcZ%v,Kupang,2018-04-03
169,Dagel Halimah,halimah.dagel@xmail.com,Ttws4X4zJ#,Parepare,2018-04-04
170,Balamantri Usada,usada.balamantri@xmail.com,M29cRTqcz),Bau-Bau,2018-04-05
171,Ayu Sitorus,sitorus.ayu@xmail.com,_L3jU+Ku2K,Tegal,2018-04-06
172,Pangeran Budiman,budiman.pangeran@xmail.com,cY6dG)Ga^8,Palangkaraya,2018-04-06
173,Yuliana Mansur,mansur.yuliana@xmail.com,^wtH7LygV0,Serang,2018-04-07
174,Bakti Wijayanti,wijayanti.bakti@xmail.com,(KB6w3c!@0,Bima,2018-04-07
175,Calista Safitri,safitri.calista@xmail.com,@224QDez#O,Surakarta,2018-04-07
176,Cemani Kusumo,kusumo.cemani@xmail.com,)^fs7Ec7$m,Bengkulu,2018-04-08
177,Bakijan Anggriawan,anggriawan.bakijan@xmail.com,s#2gFDKlLn,Tanjungpinang,2018-04-08
178,Banara Manullang,manullang.banara@xmail.com,@61GE#Spy),Kota Administrasi Jakarta Selatan,2018-04-09
179,Shakila Sihotang,sihotang.shakila@xmail.com,UT8bDYx*!6,Balikpapan,2018-04-09
180,Syahrini Manullang,manullang.syahrini@xmail.com,^P5x$7Zf5(,Payakumbuh,2018-04-10
181,Silvia Budiyanto,budiyanto.silvia@xmail.com,@!&6XNPbbw,Sabang,2018-04-11
182,Pia Rahimah,rahimah.pia@xmail.com,(*5DnxWod$,Singkawang,2018-04-11
183,Hartaka Nainggolan,nainggolan.hartaka@xmail.com,n2Gi$Ybo@6,Pontianak,2018-04-11
184,Bakti Puspasari,puspasari.bakti@xmail.com,jtd9P*qWB&,Makassar,2018-04-12
185,Lanjar Hartati,hartati.lanjar@xmail.com,dh2dNtvY#Y,Tarakan,2018-04-12
186,Daru Thamrin,thamrin.daru@xmail.com,(e7SsqJ!*G,Tangerang Selatan,2018-04-12
187,Jais Maulana,maulana.jais@xmail.com,!ELX4GyZGP,Balikpapan,2018-04-13
188,Jefri Pangestu,pangestu.jefri@xmail.com,e7HSWju9)c,Pagaralam,2018-04-14
189,Kalim Puspita,puspita.kalim@xmail.com,o!MvFuWs%2,Batu,2018-04-14
190,Makara Novitasari,novitasari.makara@xmail.com,Q+SHDrbc$2,Surakarta,2018-04-14
191,Mustofa Hassanah,hassanah.mustofa@xmail.com,9cBtvTRh$m,Sungai Penuh,2018-04-14
192,Harsana Sinaga,sinaga.harsana@xmail.com,(1DY3Yfcn3,Tasikmalaya,2018-04-15
193,Mujur Firgantoro,firgantoro.mujur@xmail.com,1fU47GYK@B,Tanjungpinang,2018-04-16
194,Cakrabuana Tamba,tamba.cakrabuana@xmail.com,cW1uJz#+(h,Purwokerto,2018-04-17
195,Icha Megantara,megantara.icha@xmail.com,WR0AssDIZ@,Binjai,2018-04-18
196,Gilang Winarsih,winarsih.gilang@xmail.com,M)90YfOC)r,Pasuruan,2018-04-18
197,Umay Sitompul,sitompul.umay@xmail.com,+T)w4WksZ8,Purwokerto,2018-04-18
198,Darimin Natsir,natsir.darimin@xmail.com,__RCr^i@P9,Probolinggo,2018-04-18
199,Ghaliyati Halimah,halimah.ghaliyati@xmail.com,4jL9MPHm_2,Cirebon,2018-04-18
200,Juli Pratiwi,pratiwi.juli@xmail.com,_24O%X$xtE,Ternate,2018-04-18
201,Karsa Prastuti,prastuti.karsa@xmail.com,(FanQFtmF9,Palembang,2018-04-19
202,Gamblang Pradana,pradana.gamblang@xmail.com,318U(5ifN@,Kota Administrasi Jakarta Barat,2018-04-20
203,Bakianto Mahendra,mahendra.bakianto@xmail.com,Y)U9F1weT@,Pariaman,2018-04-21
204,Ganep Prasetya,prasetya.ganep@xmail.com,&9Ez0cuW^F,Bukittinggi,2018-04-21
205,Nilam Kuswoyo,kuswoyo.nilam@xmail.com,7kP(NTtn#j,Kediri,2018-04-22
206,Yoga Wibowo,wibowo.yoga@xmail.com,^nUZxit&W9,Pematangsiantar,2018-04-22
207,Aditya Waluyo,waluyo.aditya@xmail.com,BE+36pWz_c,Medan,2018-04-22
208,Ina Puspita,puspita.ina@xmail.com,DegpaJsd*4,Cilegon,2018-04-23
209,Prayogo Usada,usada.prayogo@xmail.com,!KE4^#GpX1,Balikpapan,2018-04-24
210,Hadi Wahyuni,wahyuni.hadi@xmail.com,kPd4bGby&(,Ternate,2018-04-25
211,Cahyo Iswahyudi,iswahyudi.cahyo@xmail.com,t4x8XruU(I,Pekanbaru,2018-04-26
212,Kamidin Nasyiah,nasyiah.kamidin@xmail.com,x)i4xWoV#(,Manado,2018-04-27
213,Diana Nasyiah,nasyiah.diana@xmail.com,&bm4HNEj7!,Bukittinggi,2018-04-28
214,Dariati Lazuardi,lazuardi.dariati@xmail.com,iS$7TOas@O,Banjarbaru,2018-04-29
215,Ellis Anggraini,anggraini.ellis@xmail.com,D*jL8BB!bq,Purwokerto,2018-04-30
216,Karsa Prakasa,prakasa.karsa@xmail.com,F73Tkp81%U,Metro,2018-05-01
217,Hartaka Maulana,maulana.hartaka@xmail.com,+2PsYRzO6p,Jambi,2018-05-01
218,Kacung Kusmawati,kusmawati.kacung@xmail.com,CEOux@(q_1,Madiun,2018-05-02
219,Vanesa Melani,melani.vanesa@xmail.com,X*7CZmJXHt,Lubuklinggau,2018-05-03
220,Sabrina Siregar,siregar.sabrina@xmail.com,H+4TuQL0p),Bima,2018-05-04
221,Dadap Haryanto,haryanto.dadap@xmail.com,8QB*X&ua*g,Surabaya,2018-05-05
222,Nasab Simbolon,simbolon.nasab@xmail.com,S)wR7Rhi*Z,Bekasi,2018-05-06
223,Tasdik Samosir,samosir.tasdik@xmail.com,^!moIMeuw6,Ambon,2018-05-06
224,Hani Wahyudin,wahyudin.hani@xmail.com,H0g6R7n5$t,Denpasar,2018-05-07
225,Empluk Siregar,siregar.empluk@xmail.com,@7To$R1*7e,Payakumbuh,2018-05-07
226,Ibrahim Siregar,siregar.ibrahim@xmail.com,OF&4Zhz7HS,Bitung,2018-05-07
227,Jamal Winarno,winarno.jamal@xmail.com,23&bXGxb*f,Dumai,2018-05-08
228,Najam Habibi,habibi.najam@xmail.com,Yh38(D!$j_,Cilegon,2018-05-08
229,Betania Iswahyudi,iswahyudi.betania@xmail.com,_%Z9k)Kykh,Tebingtinggi,2018-05-08
230,Embuh Ramadan,ramadan.embuh@xmail.com,T7WTSBMo!p,Kota Administrasi Jakarta Selatan,2018-05-09
231,Gilda Utama,utama.gilda@xmail.com,Pg0YEXBu*m,Madiun,2018-05-09
232,Reza Yuniar,yuniar.reza@xmail.com,a$v1D*2q^1,Mataram,2018-05-09
233,Ilyas Sudiati,sudiati.ilyas@xmail.com,+unMAEhrg1,Tegal,2018-05-10
234,Caket Sihombing,sihombing.caket@xmail.com,*5G2a3QdT@,Cimahi,2018-05-11
235,Gatra Pudjiastuti,pudjiastuti.gatra@xmail.com,+zKKBvCF&8,Metro,2018-05-12
236,Humaira Rajasa,rajasa.humaira@xmail.com,!#O@mr!y^7,Bandung,2018-05-13
237,Viman Tamba,tamba.viman@xmail.com,rI6A2U4lC#,Tegal,2018-05-13
238,Keisha Wibowo,wibowo.keisha@xmail.com,@mIqY4kW0j,Lubuklinggau,2018-05-14
239,Ghaliyati Pratiwi,pratiwi.ghaliyati@xmail.com,4#5HKQPw9H,Purwokerto,2018-05-14
240,Raditya Saptono,saptono.raditya@xmail.com,j@)T6QnXg6,Binjai,2018-05-14
241,Usyi Zulkarnain,zulkarnain.usyi@xmail.com,B&5LzgzK_$,Ternate,2018-05-14
242,Balangga Prasasta,prasasta.balangga@xmail.com,)lJMCgaSh2,Kota Administrasi Jakarta Pusat,2018-05-14
243,Ganep Halim,halim.ganep@xmail.com,X3aZG8wa%@,Pasuruan,2018-05-14
244,Michelle Nasyidah,nasyidah.michelle@xmail.com,xTe2GqOh@c,Banjarmasin,2018-05-15
245,Queen Rajasa,rajasa.queen@xmail.com,4D0_RQiqc&,Palopo,2018-05-15
246,Halima Mustofa,mustofa.halima@xmail.com,cr2csSJti$,Denpasar,2018-05-16
247,Makara Maulana,maulana.makara@xmail.com,+IYKksv8j0,Serang,2018-05-16
248,Jaiman Pradipta,pradipta.jaiman@xmail.com,_NP0LFcO_2,Tomohon,2018-05-17
249,Hasan Haryanto,haryanto.hasan@xmail.com,TprJjWnf#7,Palu,2018-05-18
250,Bakiadi Prasasta,prasasta.bakiadi@xmail.com,(GixMKrjx8,Pangkalpinang,2018-05-19
251,Safina Hartati,hartati.safina@xmail.com,j@d_8D1fe2,Tasikmalaya,2018-05-19
252,Dirja Iswahyudi,iswahyudi.dirja@xmail.com,@e7yU+l$0C,Tegal,2018-05-19
253,Tri Suwarno,suwarno.tri@xmail.com,x_i!OODeO2,Kota Administrasi Jakarta Barat,2018-05-20
254,Hana Setiawan,setiawan.hana@xmail.com,1%G_bUWC)8,Palu,2018-05-21
255,Kiandra Tarihoran,tarihoran.kiandra@xmail.com,BsmYo%j)!1,Bima,2018-05-21
256,Kani Usamah,usamah.kani@xmail.com,cvP9XBQx(1,Tarakan,2018-05-21
257,Laksana Nababan,nababan.laksana@xmail.com,Y1oAoICT!!,Yogyakarta,2018-05-22
258,Adinata Latupono,latupono.adinata@xmail.com,fX50CKbm_Z,Padang Sidempuan,2018-05-22
259,Balidin Nurdiyanti,nurdiyanti.balidin@xmail.com,BRXclrvx%9,Denpasar,2018-05-23
260,Mila Latupono,latupono.mila@xmail.com,85qWnAQb%#,Pariaman,2018-05-24
261,Belinda Mangunsong,mangunsong.belinda@xmail.com,x5Ci*yPz$#,Banjar,2018-05-25
262,Yuliana Riyanti,riyanti.yuliana@xmail.com,*@5@OZ3b9R,Kota Administrasi Jakarta Utara,2018-05-25
263,Dartono Budiman,budiman.dartono@xmail.com,)8Q_e86dXD,Banjarbaru,2018-05-26
264,Cawuk Aryani,aryani.cawuk@xmail.com,rW2KEC2tl&,Bengkulu,2018-05-27
265,Viktor Saragih,saragih.viktor@xmail.com,_7s7EPthpC,Pangkalpinang,2018-05-27
266,Ganep Suryono,suryono.ganep@xmail.com,PI9ST^Ae^5,Batam,2018-05-28
267,Maman Pranowo,pranowo.maman@xmail.com,yTDd0Ngz+9,Palembang,2018-05-28
268,Garan Samosir,samosir.garan@xmail.com,&WTCZ%4d1h,Meulaboh,2018-05-28
269,Patricia Permata,permata.patricia@xmail.com,qAGctvvt*3,Banjarmasin,2018-05-29
270,Okta Pudjiastuti,pudjiastuti.okta@xmail.com,mE0W5dHr!G,Depok,2018-05-29
271,Icha Winarno,winarno.icha@xmail.com,zb6^@fEjz^,Pekanbaru,2018-05-30
272,Samsul Puspasari,puspasari.samsul@xmail.com,1LUo56IhF*,Tanjungbalai,2018-05-31
273,Capa Megantara,megantara.capa@xmail.com,+QQXYybbc8,Parepare,2018-06-01
274,Umaya Mulyani,mulyani.umaya@xmail.com,*xX9#uhkT9,Ternate,2018-06-01
275,Qori Dongoran,dongoran.qori@xmail.com,Pp%)7C@e0V,Pasuruan,2018-06-02
276,Gilang Nuraini,nuraini.gilang@xmail.com,!5nhCeaf0U,Cimahi,2018-06-02
277,Wisnu Wacana,wacana.wisnu@xmail.com,4u5cGPxK*l,Prabumulih,2018-06-02
278,Raina Thamrin,thamrin.raina@xmail.com,97UaGihg&2,Batam,2018-06-02
279,Ajiono Zulkarnain,zulkarnain.ajiono@xmail.com,K@82@&vanD,Binjai,2018-06-02
280,Zulaikha Nashiruddin,nashiruddin.zulaikha@xmail.com,%Zu84OvB+^,Cirebon,2018-06-03
281,Teguh Hidayat,hidayat.teguh@xmail.com,*O_iTZtm*3,Bukittinggi,2018-06-03
282,Sabrina Uyainah,uyainah.sabrina@xmail.com,m0sVQvOK!j,Tanjungbalai,2018-06-03
283,Yoga Maheswara,maheswara.yoga@xmail.com,8HLk&Rx^)i,Surabaya,2018-06-03
284,Harjaya Salahudin,salahudin.harjaya@xmail.com,6OrKD#@u+G,Makassar,2018-06-04
285,Balidin Sirait,sirait.balidin@xmail.com,+aQMqRgd^0,Balikpapan,2018-06-04
286,Gangsar Usamah,usamah.gangsar@xmail.com,L!Vm*4Z4ld,Madiun,2018-06-05
287,Irsad Gunawan,gunawan.irsad@xmail.com,)_KdSKc$*2,Bau-Bau,2018-06-06
288,Adinata Ardianto,ardianto.adinata@xmail.com,#8WkN)_uL1,Sorong,2018-06-06
289,Luhung Tampubolon,tampubolon.luhung@xmail.com,&0RhpzPMY3,Payakumbuh,2018-06-07
290,Garan Manullang,manullang.garan@xmail.com,_B6XrL*u0+,Kendari,2018-06-08
291,Tirtayasa Rahayu,rahayu.tirtayasa@xmail.com,)s5(45Ngr5,Jambi,2018-06-09
292,Oni Hasanah,hasanah.oni@xmail.com,L2#6CLe8(M,Sibolga,2018-06-09
293,Galar Uyainah,uyainah.galar@xmail.com,p&p2zSr8g),Semarang,2018-06-10
294,Emin Pertiwi,pertiwi.emin@xmail.com,!g6BHlb*O&,Kupang,2018-06-11
295,Jati Yuliarti,yuliarti.jati@xmail.com,@0ph@PjvHk,Tanjungbalai,2018-06-11
296,Mulya Nuraini,nuraini.mulya@xmail.com,!4SkkNyg%v,Pangkalpinang,2018-06-12
297,Puji Gunarto,gunarto.puji@xmail.com,T%e5Fu(N^U,Kota Administrasi Jakarta Utara,2018-06-13
298,Balangga Haryanto,haryanto.balangga@xmail.com,P^M5nsOpbd,Kotamobagu,2018-06-13
299,Candra Kurniawan,kurniawan.candra@xmail.com,#43DwIcuNJ,Kediri,2018-06-14
300,Eka Yuliarti,yuliarti.eka@xmail.com,akN^6SLksA,Yogyakarta,2018-06-15
301,Bakiono Maulana,maulana.bakiono@xmail.com,X+410Osf+^,Medan,2018-06-16
302,Gading Putra,putra.gading@xmail.com,(_VyRk@u0w,Sukabumi,2018-06-17
303,Lantar Kusmawati,kusmawati.lantar@xmail.com,lfu9(V#e(%,Madiun,2018-06-18
304,Balapati Sudiati,sudiati.balapati@xmail.com,qv8@RSb&_3,Mojokerto,2018-06-19
305,Ega Aryani,aryani.ega@xmail.com,9a6q&fLzl^,Gorontalo,2018-06-20
306,Luluh Kusmawati,kusmawati.luluh@xmail.com,h&It5TCs(1,Langsa,2018-06-20
307,Laras Sihombing,sihombing.laras@xmail.com,*8+XoZ)b91,Batam,2018-06-21
308,Nadia Tarihoran,tarihoran.nadia@xmail.com,)Y7d(SUn0%,Mataram,2018-06-22
309,Salman Usada,usada.salman@xmail.com,R0QiJjhS^n,Bontang,2018-06-22
310,Akarsana Mandala,mandala.akarsana@xmail.com,N4t*+4Ly(n,Binjai,2018-06-23
311,Eluh Budiyanto,budiyanto.eluh@xmail.com,E*5JwDe#m4,Tanjungbalai,2018-06-24
312,Darmana Hutagalung,hutagalung.darmana@xmail.com,$!7Y%(6%bn,Bandar Lampung,2018-06-25
313,Cemeti Maulana,maulana.cemeti@xmail.com,4pSXl^mi+e,Jambi,2018-06-26
314,Clara Kusmawati,kusmawati.clara@xmail.com,b*9yJFIo^M,Sabang,2018-06-27
315,Bajragin Hutasoit,hutasoit.bajragin@xmail.com,^W7yKD9m1^,Tangerang,2018-06-28
316,Danu Widodo,widodo.danu@xmail.com,&vH8*uV%y*,Tebingtinggi,2018-06-28
317,Betania Setiawan,setiawan.betania@xmail.com,h+v9Swzi_L,Bandar Lampung,2018-06-28
318,Dalimin Habibi,habibi.dalimin@xmail.com,xGc7V*^a@k,Probolinggo,2018-06-29
319,Mahfud Namaga,namaga.mahfud@xmail.com,zr(L0KYbaj,Pasuruan,2018-06-30
320,Darmaji Purnawati,purnawati.darmaji@xmail.com,_UNpVrOxX7,Blitar,2018-06-30
321,Oskar Tampubolon,tampubolon.oskar@xmail.com,r+9DAya6ZV,Prabumulih,2018-07-01
322,Martana Firgantoro,firgantoro.martana@xmail.com,s7d6ySGq**,Cimahi,2018-07-01
323,Paris Salahudin,salahudin.paris@xmail.com,Z^^o6GAUlp,Salatiga,2018-07-01
324,Febi Kusmawati,kusmawati.febi@xmail.com,3mLAbBI6&z,Jambi,2018-07-02
325,Tania Hastuti,hastuti.tania@xmail.com,p%v8%Zt5hi,Kota Administrasi Jakarta Timur,2018-07-03
326,Kemal Yuliarti,yuliarti.kemal@xmail.com,#54VtANzJt,Kota Administrasi Jakarta Utara,2018-07-04
327,Tiara Pudjiastuti,pudjiastuti.tiara@xmail.com,j#0XA%psbr,Pematangsiantar,2018-07-04
328,Titi Prastuti,prastuti.titi@xmail.com,5)(4PGhcJ_,Kota Administrasi Jakarta Pusat,2018-07-04
329,Maria Hakim,hakim.maria@xmail.com,*BJLwrvEe8,Lhokseumawe,2018-07-04
330,Sari Tarihoran,tarihoran.sari@xmail.com,pG_Hy1Rh53,Kota Administrasi Jakarta Utara,2018-07-05
331,Caraka Lestari,lestari.caraka@xmail.com,*t6+7%KwSC,Sorong,2018-07-06
332,Lurhur Sihotang,sihotang.lurhur@xmail.com,6e1aDfIvL),Dumai,2018-07-06
333,Cawisadi Agustina,agustina.cawisadi@xmail.com,^rMwuZmty2,Serang,2018-07-06
334,Karma Maryadi,maryadi.karma@xmail.com,(f@u5bFs2p,Gorontalo,2018-07-06
335,Nadine Pratama,pratama.nadine@xmail.com,I_%3XNfcL!,Tarakan,2018-07-07
336,Slamet Riyanti,riyanti.slamet@xmail.com,%C5tDvrW%1,Mojokerto,2018-07-08
337,Usyi Uwais,uwais.usyi@xmail.com,10#D8Bes7B,Kotamobagu,2018-07-09
338,Karsa Suryatmi,suryatmi.karsa@xmail.com,%B8K+pan$_,Cilegon,2018-07-10
339,Warji Fujiati,fujiati.warji@xmail.com,EeBOoq)&@7,Sawahlunto,2018-07-11
340,Adika Novitasari,novitasari.adika@xmail.com,)2NC9c)Fu*,Tarakan,2018-07-11
341,Titin Kuswandari,kuswandari.titin@xmail.com,*4awTvgwU3,Bekasi,2018-07-12
342,Raditya Rajasa,rajasa.raditya@xmail.com,&p3jYma(O#,Medan,2018-07-13
343,Devi Pangestu,pangestu.devi@xmail.com,7W7MF1Yp*y,Kupang,2018-07-14
344,Waluyo Fujiati,fujiati.waluyo@xmail.com,y@A6JUJeP7,Manado,2018-07-14
345,Kacung Padmasari,padmasari.kacung@xmail.com,gMko8Aedf@,Jambi,2018-07-14
346,Hairyanto Hutapea,hutapea.hairyanto@xmail.com,*R!(9Idvx+,Langsa,2018-07-14
347,Cayadi Mahendra,mahendra.cayadi@xmail.com,m#0@G_5dpR,Pagaralam,2018-07-15
348,Artawan Latupono,latupono.artawan@xmail.com,KN@L59Xw#2,Bandung,2018-07-16
349,Ayu Wacana,wacana.ayu@xmail.com,X*mOeRSx%8,Palopo,2018-07-16
350,Zelda Fujiati,fujiati.zelda@xmail.com,2D54!2Jxa),Solok,2018-07-17
351,Heryanto Suryono,suryono.heryanto@xmail.com,)21*VpA3+@,Batam,2018-07-17
352,Mursita Astuti,astuti.mursita@xmail.com,@HzkiiTdp9,Tomohon,2018-07-17
353,Darman Kurniawan,kurniawan.darman@xmail.com,m)9Zqd+9KP,Padangpanjang,2018-07-18
354,Adinata Prasasta,prasasta.adinata@xmail.com,07eIY5Jq*_,Palembang,2018-07-19
355,Erik Anggriawan,anggriawan.erik@xmail.com,DHjK8Cc++y,Balikpapan,2018-07-20
356,Kurnia Nuraini,nuraini.kurnia@xmail.com,)2SkWdrjm2,Meulaboh,2018-07-21
357,Dono Nurdiyanti,nurdiyanti.dono@xmail.com,c4DZ@rG7(A,Kota Administrasi Jakarta Selatan,2018-07-21
358,Ratna Mayasari,mayasari.ratna@xmail.com,a)ABLylz^1,Kotamobagu,2018-07-21
359,Unjani Pertiwi,pertiwi.unjani@xmail.com,_62VmEWmn&,Palopo,2018-07-21
360,Chandra Uwais,uwais.chandra@xmail.com,T8MVZzcs_I,Palu,2018-07-21
361,Warsita Firmansyah,firmansyah.warsita@xmail.com,+(2(R9QlAF,Semarang,2018-07-22
362,Saiful Hardiansyah,hardiansyah.saiful@xmail.com,mOGDqIUf%4,Tual,2018-07-22
363,Uda Widiastuti,widiastuti.uda@xmail.com,*2XGsD$bKk,Sabang,2018-07-23
364,Sadina Maheswara,maheswara.sadina@xmail.com,_SiCghP@a8,Bau-Bau,2018-07-23
365,Farhunnisa Sudiati,sudiati.farhunnisa@xmail.com,O^61SRb&yS,Banjarmasin,2018-07-23
366,Paris Simbolon,simbolon.paris@xmail.com,A*_07vWb#W,Kota Administrasi Jakarta Timur,2018-07-24
367,Banawi Simanjuntak,simanjuntak.banawi@xmail.com,NI5r8xNcT*,Subulussalam,2018-07-25
368,Belinda Putra,putra.belinda@xmail.com,#RJtR!Mf95,Tangerang Selatan,2018-07-26
369,Prabawa Tampubolon,tampubolon.prabawa@xmail.com,8+RS&qnf_3,Subulussalam,2018-07-27
370,Karman Hartati,hartati.karman@xmail.com,D3W@dZVk%b,Prabumulih,2018-07-27
371,Aswani Winarsih,winarsih.aswani@xmail.com,*E11LmMvK4,Singkawang,2018-07-28
372,Queen Sihombing,sihombing.queen@xmail.com,x#3HW!yp+8,Batam,2018-07-29
373,Lintang Mahendra,mahendra.lintang@xmail.com,1prf8oEi+X,Madiun,2018-07-30
374,Saka Wasita,wasita.saka@xmail.com,%1iV48JL!q,Batu,2018-07-30
375,Jamil Napitupulu,napitupulu.jamil@xmail.com,#*NJVcC655,Serang,2018-07-31
376,Pia Farida,farida.pia@xmail.com,@7#Bo%SudA,Kupang,2018-08-01
377,Prabowo Wacana,wacana.prabowo@xmail.com,@Wa!GYrn9v,Bima,2018-08-01
378,Danang Budiman,budiman.danang@xmail.com,os1PSNz1_),Lhokseumawe,2018-08-01
379,Latika Namaga,namaga.latika@xmail.com,W#x2aP5jT%,Serang,2018-08-01
380,Zaenab Sitompul,sitompul.zaenab@xmail.com,AC*)t9KtdM,Padang,2018-08-02
381,Gading Ardianto,ardianto.gading@xmail.com,#(02Cl$#^0,Cirebon,2018-08-02
382,Hartaka Damanik,damanik.hartaka@xmail.com,naarD3DF#4,Bontang,2018-08-02
383,Elon Nainggolan,nainggolan.elon@xmail.com,$WM6wX1R8C,Gorontalo,2018-08-02
384,Carub Halimah,halimah.carub@xmail.com,PhZP9MCfd_,Gorontalo,2018-08-03
385,Ismail Pangestu,pangestu.ismail@xmail.com,*rUvFS)gM3,Pagaralam,2018-08-03
386,Umay Hastuti,hastuti.umay@xmail.com,O&@6Lzs9PS,Probolinggo,2018-08-04
387,Himawan Sitorus,sitorus.himawan@xmail.com,hio25IjeS$,Parepare,2018-08-05
388,Silvia Mulyani,mulyani.silvia@xmail.com,f356SMHh#o,Medan,2018-08-06
389,Estiawan Permata,permata.estiawan@xmail.com,#aX4JaidA4,Metro,2018-08-07
390,Hasan Wijaya,wijaya.hasan@xmail.com,@8MgA0b1nW,Kotamobagu,2018-08-08
391,Hendra Pradipta,pradipta.hendra@xmail.com,%Q%8C+oRN^,Cilegon,2018-08-08
392,Nova Permata,permata.nova@xmail.com,%G2zKnWqC9,Sukabumi,2018-08-09
393,Vino Situmorang,situmorang.vino@xmail.com,+o4MtJGad*,Surakarta,2018-08-09
394,Cahyanto Pratama,pratama.cahyanto@xmail.com,(Fh*j6Yr$@,Bandung,2018-08-09
395,Ajimat Ramadan,ramadan.ajimat@xmail.com,@vKS5w_mo2,Bitung,2018-08-10
396,Fathonah Wijaya,wijaya.fathonah@xmail.com,!1K1VsyK#Y,Banjarbaru,2018-08-10
397,Malika Ardianto,ardianto.malika@xmail.com,!6Y&Jzg2b4,Madiun,2018-08-11
398,Mariadi Purwanti,purwanti.mariadi@xmail.com,v_J3TB@a!g,Banjar,2018-08-11
399,Cahya Sitorus,sitorus.cahya@xmail.com,!o5Sz5XsA9,Medan,2018-08-12
400,Bella Sihombing,sihombing.bella@xmail.com,$5f2MqgBk#,Makassar,2018-08-12
401,Jayeng Putra,putra.jayeng@xmail.com,(0VhQ1Y%Ow,Semarang,2018-08-13
402,Hasna Putra,putra.hasna@xmail.com,f$f618CnZ8,Cimahi,2018-08-13
403,Wardaya Farida,farida.wardaya@xmail.com,K+8NTJxt&R,Lhokseumawe,2018-08-14
404,Umaya Suryono,suryono.umaya@xmail.com,^_M+&8TpOu,Padang Sidempuan,2018-08-15
405,Bahuwarna Maheswara,maheswara.bahuwarna@xmail.com,&wj9DeFg%G,Sorong,2018-08-15
406,Vicky Dabukke,dabukke.vicky@xmail.com,Lt6WwoIj+2,Pagaralam,2018-08-16
407,Gamblang Aryani,aryani.gamblang@xmail.com,aG%4QfrZjD,Ambon,2018-08-16
408,Gandi Lestari,lestari.gandi@xmail.com,dQ1C0Fey1!,Banjarmasin,2018-08-16
409,Ghani Nababan,nababan.ghani@xmail.com,%6Z^O)%#5u,Bengkulu,2018-08-16
410,Indra Nurdiyanti,nurdiyanti.indra@xmail.com,!iuNCTqrz6,Magelang,2018-08-17
411,Daliono Adriansyah,adriansyah.daliono@xmail.com,*)R6hXLeqQ,Sibolga,2018-08-18
412,Ajeng Wacana,wacana.ajeng@xmail.com,cvZNad*G+9,Bekasi,2018-08-19
413,Luhung Wulandari,wulandari.luhung@xmail.com,wNS(7Fo*z#,Surakarta,2018-08-19
414,Wawan Winarsih,winarsih.wawan@xmail.com,f&d2RiuZ@f,Kupang,2018-08-19
415,Cayadi Kusumo,kusumo.cayadi@xmail.com,vh5FpXs!@R,Bima,2018-08-19
416,Paiman Anggriawan,anggriawan.paiman@xmail.com,m74cKeho(#,Tarakan,2018-08-20
417,Karimah Kuswandari,kuswandari.karimah@xmail.com,eF_C33Pjd$,Banda Aceh,2018-08-21
418,Hani Wijaya,wijaya.hani@xmail.com,^iGRVd2pH6,Samarinda,2018-08-22
419,Endra Handayani,handayani.endra@xmail.com,+7JaEpekpF,Parepare,2018-08-23
420,Gatot Habibi,habibi.gatot@xmail.com,V@YH85Ukwa,Medan,2018-08-23
421,Ajimin Lazuardi,lazuardi.ajimin@xmail.com,Zt1VDNp&V@,Madiun,2018-08-24
422,Cagak Nasyiah,nasyiah.cagak@xmail.com,H#6W%nRmaa,Ambon,2018-08-24
423,Icha Hassanah,hassanah.icha@xmail.com,^a&Be&)A10,Surabaya,2018-08-24
424,Farhunnisa Handayani,handayani.farhunnisa@xmail.com,BtPwPcb$#9,Semarang,2018-08-24
425,Nasim Setiawan,setiawan.nasim@xmail.com,S7a9Nccv_#,Padangpanjang,2018-08-24
426,Gaiman Sihotang,sihotang.gaiman@xmail.com,&6RAtC&tj_,Jayapura,2018-08-25
427,Praba Jailani,jailani.praba@xmail.com,qV2*DQx8@$,Pariaman,2018-08-25
428,Maida Mahendra,mahendra.maida@xmail.com,ea%T70Vqjc,Pekalongan,2018-08-25
429,Kemal Saefullah,saefullah.kemal@xmail.com,&8wIW&^gh0,Balikpapan,2018-08-26
430,Samsul Wastuti,wastuti.samsul@xmail.com,QzrPIpth(2,Sibolga,2018-08-26
431,Usman Narpati,narpati.usman@xmail.com,^8QwHGFf_6,Kota Administrasi Jakarta Selatan,2018-08-27
432,Irsad Adriansyah,adriansyah.irsad@xmail.com,u+wQ9Msg%!,Malang,2018-08-27
433,Hardana Wacana,wacana.hardana@xmail.com,O&^+0Dna4H,Bima,2018-08-28
434,Tomi Wahyuni,wahyuni.tomi@xmail.com,h*r2E9)lC#,Pasuruan,2018-08-28
435,Humaira Lailasari,lailasari.humaira@xmail.com,2rPKoy(*_+,Serang,2018-08-28
436,Agus Fujiati,fujiati.agus@xmail.com,&*X418Jpdb,Depok,2018-08-29
437,Maya Usamah,usamah.maya@xmail.com,)#z_J2HdIA,Pekanbaru,2018-08-30
438,Sabar Yuniar,yuniar.sabar@xmail.com,EDe641iaB!,Kota Administrasi Jakarta Pusat,2018-08-30
439,Ani Utama,utama.ani@xmail.com,bcj4DldVW^,Bima,2018-08-31
440,Elon Usamah,usamah.elon@xmail.com,9tDbeu^S+f,Depok,2018-08-31
441,Raihan Pudjiastuti,pudjiastuti.raihan@xmail.com,+sYfr^JuP4,Tanjungbalai,2018-08-31
442,Harjasa Widodo,widodo.harjasa@xmail.com,0hG8Q81c*d,Tarakan,2018-08-31
443,Kawaca Puspasari,puspasari.kawaca@xmail.com,b2ZH8)q$@z,Sorong,2018-08-31
444,Nurul Uwais,uwais.nurul@xmail.com,^)s9WY!E1r,Tebingtinggi,2018-09-01
445,Yuni Wibowo,wibowo.yuni@xmail.com,W3_B34UuLg,Payakumbuh,2018-09-02
446,Gilang Haryanti,haryanti.gilang@xmail.com,O#Z201Gs^^,Tegal,2018-09-02
447,Ajiono Suartini,suartini.ajiono@xmail.com,@6nv)M7vak,Dumai,2018-09-02
448,Estiawan Kuswandari,kuswandari.estiawan@xmail.com,)+7FY)j*9P,Kediri,2018-09-02
449,Sabar Winarno,winarno.sabar@xmail.com,#5GrmU0(*j,Cirebon,2018-09-02
450,Sabri Nuraini,nuraini.sabri@xmail.com,^9FY9v8OF7,Meulaboh,2018-09-02
451,Tugiman Kuswandari,kuswandari.tugiman@xmail.com,x8@11SnJdI,Purwokerto,2018-09-03
452,Almira Nasyiah,nasyiah.almira@xmail.com,(GUJURhr7!,Binjai,2018-09-04
453,Banawa Tampubolon,tampubolon.banawa@xmail.com,^2xt5Jo_xe,Pariaman,2018-09-05
454,Melinda Manullang,manullang.melinda@xmail.com,!^Um+2LedA,Binjai,2018-09-06
455,Galang Halim,halim.galang@xmail.com,0+_0TLy7UA,Pematangsiantar,2018-09-06
456,Perkasa Mahendra,mahendra.perkasa@xmail.com,+H3yWMtNaH,Depok,2018-09-07
457,Kayun Kurniawan,kurniawan.kayun@xmail.com,@15Lt3!t12,Salatiga,2018-09-07
458,Agnes Gunawan,gunawan.agnes@xmail.com,!5CH2hjy!*,Semarang,2018-09-08
459,Prakosa Kuswandari,kuswandari.prakosa@xmail.com,+Mr&fJlf)0,Makassar,2018-09-09
460,Laksana Tarihoran,tarihoran.laksana@xmail.com,j63XB+Yw)_,Palu,2018-09-09
461,Lutfan Narpati,narpati.lutfan@xmail.com,%2^eMyyiKC,Kotamobagu,2018-09-09
462,Rama Wasita,wasita.rama@xmail.com,)YOlILqz2y,Kupang,2018-09-09
463,Pardi Manullang,manullang.pardi@xmail.com,G)&6ZCh&gt,Makassar,2018-09-09
464,Nova Laksita,laksita.nova@xmail.com,$Sw73UDi%l,Banda Aceh,2018-09-10
465,Yani Anggraini,anggraini.yani@xmail.com,&%HA4Ufb7n,Dumai,2018-09-10
466,Nalar Andriani,andriani.nalar@xmail.com,*xRtUwTs27,Palu,2018-09-10
467,Ega Mandasari,mandasari.ega@xmail.com,IQ1Zn)vx^4,Jambi,2018-09-10
468,Mursinin Pranowo,pranowo.mursinin@xmail.com,m9sPqAlL$E,Palu,2018-09-10
469,Sabri Wahyudin,wahyudin.sabri@xmail.com,#8ocK8fupT,Payakumbuh,2018-09-11
470,Padmi Palastri,palastri.padmi@xmail.com,@bp3j7QswD,Pekalongan,2018-09-12
471,Kasim Santoso,santoso.kasim@xmail.com,tb4t#JzoQ_,Sabang,2018-09-12
472,Purwa Nababan,nababan.purwa@xmail.com,u6BGfHB+)z,Tual,2018-09-13
473,Ratna Rajata,rajata.ratna@xmail.com,&@(2+KSgU@,Langsa,2018-09-13
474,Harsanto Nasyiah,nasyiah.harsanto@xmail.com,a$6YYU*iW*,Gorontalo,2018-09-14
475,Purwa Januar,januar.purwa@xmail.com,*c3JrNL+A0,Pariaman,2018-09-14
476,Paramita Rahimah,rahimah.paramita@xmail.com,g(0F@q+q(4,Kota Administrasi Jakarta Timur,2018-09-15
477,Kuncara Laksmiwati,laksmiwati.kuncara@xmail.com,S$hO1HL0cw,Cimahi,2018-09-16
478,Hendra Laksita,laksita.hendra@xmail.com,&mYWNTFY7t,Kupang,2018-09-16
479,Nova Yuliarti,yuliarti.nova@xmail.com,(lJ56MFaB!,Kediri,2018-09-17
480,Jamalia Haryanto,haryanto.jamalia@xmail.com,&*84rT^gJh,Banjar,2018-09-17
481,Kunthara Andriani,andriani.kunthara@xmail.com,@V5@@Of!1),Batam,2018-09-17
482,Wage Kuswoyo,kuswoyo.wage@xmail.com,&4TBXIdLok,Banjarbaru,2018-09-18
483,Ajimat Mandala,mandala.ajimat@xmail.com,@52sWxzvq7,Kota Administrasi Jakarta Timur,2018-09-19
484,Zelaya Narpati,narpati.zelaya@xmail.com,)ph#9OLdRU,Kota Administrasi Jakarta Selatan,2018-09-19
485,Lega Hutasoit,hutasoit.lega@xmail.com,ZpdHOvbM^8,Tual,2018-09-19
486,Leo Hasanah,hasanah.leo@xmail.com,td2yQPj18_,Bima,2018-09-20
487,Darmaji Permadi,permadi.darmaji@xmail.com,!aL77FJiPP,Banjarbaru,2018-09-21
488,Salwa Wibowo,wibowo.salwa@xmail.com,+18Gj($6(6,Prabumulih,2018-09-22
489,Damar Saefullah,saefullah.damar@xmail.com,$9WmwO03Ze,Ternate,2018-09-23
490,Lurhur Permadi,permadi.lurhur@xmail.com,#CLxbV@cr5,Pasuruan,2018-09-23
491,Jumari Halimah,halimah.jumari@xmail.com,c94P0A*s@O,Mataram,2018-09-23
492,Vero Budiman,budiman.vero@xmail.com,rj^4WWck@y,Kota Administrasi Jakarta Barat,2018-09-23
493,Kezia Astuti,astuti.kezia@xmail.com,2wZx3XcLw^,Kota Administrasi Jakarta Utara,2018-09-23
494,Lasmanto Nainggolan,nainggolan.lasmanto@xmail.com,DX9LQk9w!c,Langsa,2018-09-23
495,Anita Suwarno,suwarno.anita@xmail.com,$4A$oJa!@D,Bontang,2018-09-23
496,Hartana Astuti,astuti.hartana@xmail.com,#v1cGJhsu),Tangerang Selatan,2018-09-23
497,Heru Ramadan,ramadan.heru@xmail.com,A&TYS6Rg#K,Padangpanjang,2018-09-23
498,Rizki Hariyah,hariyah.rizki@xmail.com,!h8A5PAyT9,Banjarbaru,2018-09-23
499,Cawisadi Hakim,hakim.cawisadi@xmail.com,*91K%gbt%3,Langsa,2018-09-23
500,Restu Saragih,saragih.restu@xmail.com,+0%+ZQp*@P,Pariaman,2018-09-23
501,Gading Prakasa,prakasa.gading@xmail.com,K()4T_hvPd,Medan,2018-09-23
502,Ulya Saefullah,saefullah.ulya@xmail.com,&IJ#LW!zZ6,Pangkalpinang,2018-09-23
503,Vero Saefullah,saefullah.vero@xmail.com,p!2eL%qEfD,Metro,2018-09-24
504,Warsa Sudiati,sudiati.warsa@xmail.com,u_2SBwDwH$,Madiun,2018-09-25
505,Jaiman Prakasa,prakasa.jaiman@xmail.com,h@2X(X^mWo,Bogor,2018-09-25
506,Raina Pertiwi,pertiwi.raina@xmail.com,(3GiKRk&@x,Mataram,2018-09-26
507,Rahman Purnawati,purnawati.rahman@xmail.com,c(1R23KfEs,Batu,2018-09-27
508,Jelita Hutapea,hutapea.jelita@xmail.com,(8JCdvu6#^,Pematangsiantar,2018-09-28
509,Oliva Mardhiyah,mardhiyah.oliva@xmail.com,%rTbya#J6r,Tomohon,2018-09-28
510,Tari Halim,halim.tari@xmail.com,ws7iCywz$^,Bima,2018-09-29
511,Bagus Mandasari,mandasari.bagus@xmail.com,(Aox@%Ul3p,Tanjungpinang,2018-09-29
512,Dwi Astuti,astuti.dwi@xmail.com,e(XsEDR5+6,Tebingtinggi,2018-09-29
513,Jamil Hakim,hakim.jamil@xmail.com,1$D0E9Wo@^,Jayapura,2018-09-29
514,Tirta Sihombing,sihombing.tirta@xmail.com,6s8JuDIw^^,Bitung,2018-09-29
515,Panca Megantara,megantara.panca@xmail.com,!L(O#8Wo&3,Meulaboh,2018-09-30
516,Tirta Gunawan,gunawan.tirta@xmail.com,$RaMfvthC3,Tebingtinggi,2018-09-30
517,Puti Fujiati,fujiati.puti@xmail.com,Sw&0zRZdi7,Kota Administrasi Jakarta Utara,2018-10-01
518,Wirda Saefullah,saefullah.wirda@xmail.com,9U@83Yar!A,Banda Aceh,2018-10-01
519,Tasnim Anggriawan,anggriawan.tasnim@xmail.com,ZT*0LsSpK7,Bontang,2018-10-01
520,Puput Yolanda,yolanda.puput@xmail.com,3cpU$D%e!u,Malang,2018-10-01
521,Darimin Hutagalung,hutagalung.darimin@xmail.com,^3Un(7Dq@W,Cilegon,2018-10-01
522,Okto Gunawan,gunawan.okto@xmail.com,*%2SgjavGV,Prabumulih,2018-10-02
523,Dimaz Nuraini,nuraini.dimaz@xmail.com,Q!7996PvEL,Bau-Bau,2018-10-03
524,Niyaga Purwanti,purwanti.niyaga@xmail.com,N515Luu6t(,Bitung,2018-10-04
525,Carub Wasita,wasita.carub@xmail.com,&8E1L0sieM,Tanjungbalai,2018-10-05
526,Ganda Hidayanto,hidayanto.ganda@xmail.com,#8HTeQsmVX,Sorong,2018-10-05
527,Uda Fujiati,fujiati.uda@xmail.com,gf7mPW!e%L,Yogyakarta,2018-10-05
528,Dagel Pradipta,pradipta.dagel@xmail.com,TsU7KBb1%m,Bengkulu,2018-10-05
529,Marsito Suryono,suryono.marsito@xmail.com,14Jv7W*5#i,Probolinggo,2018-10-06
530,Gawati Nababan,nababan.gawati@xmail.com,3!Ug7nAleo,Kota Administrasi Jakarta Utara,2018-10-07
531,Uli Latupono,latupono.uli@xmail.com,^1+CLgX^zs,Depok,2018-10-07
532,Ilsa Wijayanti,wijayanti.ilsa@xmail.com,u0FUb7+m_8,Batam,2018-10-07
533,Ami Puspita,puspita.ami@xmail.com,#cXY3DWfq),Probolinggo,2018-10-08
534,Yono Sihombing,sihombing.yono@xmail.com,iJ36J1DyD@,Bandar Lampung,2018-10-09
535,Laksana Santoso,santoso.laksana@xmail.com,(j7B3ZHn7f,Jayapura,2018-10-09
536,Karen Marbun,marbun.karen@xmail.com,u3X)RY@G(C,Mataram,2018-10-09
537,Gabriella Napitupulu,napitupulu.gabriella@xmail.com,48tC3gMw#v,Cilegon,2018-10-10
538,Karya Sihombing,sihombing.karya@xmail.com,3#hmFHUq!y,Bengkulu,2018-10-11
539,Lintang Wijaya,wijaya.lintang@xmail.com,BP@897Jz$&,Tanjungpinang,2018-10-11
540,Farhunnisa Mayasari,mayasari.farhunnisa@xmail.com,f$6eAp@jLN,Bengkulu,2018-10-11
541,Iriana Narpati,narpati.iriana@xmail.com,$HSQoh%OI7,Ambon,2018-10-12
542,Kawaca Pranowo,pranowo.kawaca@xmail.com,(aReQpp&7d,Cimahi,2018-10-13
543,Harto Farida,farida.harto@xmail.com,0lOhNp9K@0,Salatiga,2018-10-13
544,Makara Agustina,agustina.makara@xmail.com,2!dP&c*Y#%,Kota Administrasi Jakarta Utara,2018-10-14
545,Kairav Aryani,aryani.kairav@xmail.com,ivLZ2Vt4)4,Samarinda,2018-10-15
546,Maida Suartini,suartini.maida@xmail.com,%!V4uX_p9^,Surakarta,2018-10-15
547,Warsa Simbolon,simbolon.warsa@xmail.com,5H8eYod^%3,Pasuruan,2018-10-16
548,Zizi Ramadan,ramadan.zizi@xmail.com,a1_1jRnXqu,Dumai,2018-10-17
549,Tasdik Tarihoran,tarihoran.tasdik@xmail.com,(&F6AW#sN3,Pasuruan,2018-10-17
550,Ganjaran Kusmawati,kusmawati.ganjaran@xmail.com,+8s+gZ)Jd%,Depok,2018-10-18
551,Shakila Susanti,susanti.shakila@xmail.com,+0eKVvQvvn,Tegal,2018-10-18
552,Kasusra Hutasoit,hutasoit.kasusra@xmail.com,X#7ZovBi(B,Denpasar,2018-10-18
553,Makara Rahayu,rahayu.makara@xmail.com,_40&Y6fZs2,Cirebon,2018-10-19
554,Kalim Mandala,mandala.kalim@xmail.com,58Ny7K&h)j,Bukittinggi,2018-10-20
555,Gawati Purnawati,purnawati.gawati@xmail.com,$63dLnkuj7,Parepare,2018-10-21
556,Estiono Hastuti,hastuti.estiono@xmail.com,F)5dLs!JCZ,Pangkalpinang,2018-10-22
557,Hamima Nashiruddin,nashiruddin.hamima@xmail.com,L7KZn6tD!A,Kota Administrasi Jakarta Timur,2018-10-23
558,Kezia Wacana,wacana.kezia@xmail.com,)0FdqwU_bk,Palu,2018-10-23
559,Prima Marbun,marbun.prima@xmail.com,*001pVfeTj,Parepare,2018-10-23
560,Humaira Wijaya,wijaya.humaira@xmail.com,Fv5tGBPH+3,Pasuruan,2018-10-23
561,Ulva Rahmawati,rahmawati.ulva@xmail.com,i!D3ThfZ_1,Meulaboh,2018-10-23
562,Silvia Najmudin,najmudin.silvia@xmail.com,&2JwJ0jnM&,Blitar,2018-10-23
563,Kartika Mayasari,mayasari.kartika@xmail.com,a7J%JA(p&P,Pagaralam,2018-10-23
564,Faizah Winarno,winarno.faizah@xmail.com,_vV2mELa81,Kota Administrasi Jakarta Pusat,2018-10-24
565,Soleh Sirait,sirait.soleh@xmail.com,S4YaCZWE_g,Blitar,2018-10-24
566,Elvin Usada,usada.elvin@xmail.com,xI6nnglL^*,Makassar,2018-10-24
567,Raina Sihombing,sihombing.raina@xmail.com,67aAnf(2&A,Jambi,2018-10-24
568,Taufan Saefullah,saefullah.taufan@xmail.com,bqt28I@I)+,Banda Aceh,2018-10-24
569,Martaka Prasetya,prasetya.martaka@xmail.com,en9JCGux@D,Tangerang,2018-10-24
570,Purwadi Rajasa,rajasa.purwadi@xmail.com,&YVD3sF9B0,Padangpanjang,2018-10-25
571,Arsipatra Suryono,suryono.arsipatra@xmail.com,u)W7*HmU(+,Serang,2018-10-26
572,Kalim Simanjuntak,simanjuntak.kalim@xmail.com,^i1RVpvMnL,Tual,2018-10-27
573,Wisnu Yolanda,yolanda.wisnu@xmail.com,#yIMXsXzW1,Salatiga,2018-10-28
574,Queen Halimah,halimah.queen@xmail.com,gr_1La+Fq0,Bandar Lampung,2018-10-29
575,Hendri Permata,permata.hendri@xmail.com,*7kxP(Hvu+,Meulaboh,2018-10-29
576,Caket Agustina,agustina.caket@xmail.com,jZR@N8Dw%i,Bitung,2018-10-29
577,Daniswara Maulana,maulana.daniswara@xmail.com,(0I%9Y3zZ^,Tanjungbalai,2018-10-30
578,Tirtayasa Sitompul,sitompul.tirtayasa@xmail.com,Vi49SFEiv*,Meulaboh,2018-10-30
579,Kamidin Uyainah,uyainah.kamidin@xmail.com,AVGfhsIX$0,Metro,2018-10-31
580,Ajeng Yuliarti,yuliarti.ajeng@xmail.com,NGb84P+ff#,Tidore Kepulauan,2018-10-31
581,Eli Pradana,pradana.eli@xmail.com,#YwL8xov+3,Kota Administrasi Jakarta Pusat,2018-11-01
582,Ghani Yulianti,yulianti.ghani@xmail.com,$#XW&2nws3,Bengkulu,2018-11-01
583,Gasti Habibi,habibi.gasti@xmail.com,^&2G3OUpp1,Tomohon,2018-11-01
584,Rahmat Rahimah,rahimah.rahmat@xmail.com,%7UZ7RDfPY,Pekanbaru,2018-11-01
585,Wage Lailasari,lailasari.wage@xmail.com,JAuK2C1y#3,Tangerang Selatan,2018-11-02
586,Limar Suryatmi,suryatmi.limar@xmail.com,B2H$9bVeNW,Medan,2018-11-03
587,Elvin Samosir,samosir.elvin@xmail.com,^JH5XkxEly,Madiun,2018-11-04
588,Sabar Wibowo,wibowo.sabar@xmail.com,^3P8*5RxfM,Sibolga,2018-11-04
589,Lidya Waluyo,waluyo.lidya@xmail.com,DR1Bur^yg!,Palembang,2018-11-05
590,Joko Simbolon,simbolon.joko@xmail.com,7R)8jYkvBp,Kediri,2018-11-05
591,Viman Tarihoran,tarihoran.viman@xmail.com,3Wv_ZVll^w,Bandung,2018-11-06
592,Clara Simbolon,simbolon.clara@xmail.com,CJ^7T(+sp(,Kota Administrasi Jakarta Utara,2018-11-07
593,Wadi Hartati,hartati.wadi@xmail.com,+ZD2dUk@U!,Bukittinggi,2018-11-08
594,Karja Prasetyo,prasetyo.karja@xmail.com,)5museU1Ro,Blitar,2018-11-08
595,Gina Tampubolon,tampubolon.gina@xmail.com,@50z5uKhqv,Metro,2018-11-08
596,Baktiadi Hassanah,hassanah.baktiadi@xmail.com,jV)6PGg03*,Bekasi,2018-11-09
597,Cinthia Tarihoran,tarihoran.cinthia@xmail.com,v*G4Q*dA%v,Banda Aceh,2018-11-10
598,Kunthara Yuliarti,yuliarti.kunthara@xmail.com,1!E_M#h3^0,Ternate,2018-11-10
599,Uli Najmudin,najmudin.uli@xmail.com,^3ZFoYf@1M,Tual,2018-11-10
600,Malika Novitasari,novitasari.malika@xmail.com,#42%DMIaKp,Surabaya,2018-11-11
601,Ghaliyati Utama,utama.ghaliyati@xmail.com,hp21Pv4&*),Tegal,2018-11-12
602,Titin Sihombing,sihombing.titin@xmail.com,^U7V)JsUv#,Bontang,2018-11-13
603,Rachel Firmansyah,firmansyah.rachel@xmail.com,!2p1MxIk$7,Makassar,2018-11-14
604,Hardana Rajasa,rajasa.hardana@xmail.com,L7piYjJr^&,Malang,2018-11-14
605,Luwes Hartati,hartati.luwes@xmail.com,qmCP_cj2&8,Probolinggo,2018-11-14
606,Jagaraga Nuraini,nuraini.jagaraga@xmail.com,#Yp4Fedw52,Parepare,2018-11-14
607,Waluyo Sinaga,sinaga.waluyo@xmail.com,6T4AXwcI_#,Kota Administrasi Jakarta Barat,2018-11-14
608,Naradi Hidayanto,hidayanto.naradi@xmail.com,)$v4Kbim(E,Langsa,2018-11-14
609,Drajat Namaga,namaga.drajat@xmail.com,^y9DOzGe(+,Pematangsiantar,2018-11-15
610,Danang Irawan,irawan.danang@xmail.com,5oOd9Tli+g,Manado,2018-11-15
611,Caturangga Budiman,budiman.caturangga@xmail.com,@sb*jeHnF7,Samarinda,2018-11-16
612,Dadap Lazuardi,lazuardi.dadap@xmail.com,$WmS#ZvMp5,Bandar Lampung,2018-11-17
613,Rika Sitompul,sitompul.rika@xmail.com,#L4NzEx8@C,Ternate,2018-11-18
614,Rama Tampubolon,tampubolon.rama@xmail.com,ER#7CAk&IY,Malang,2018-11-19
615,Mursita Farida,farida.mursita@xmail.com,@^AP29k1XF,Tasikmalaya,2018-11-20
616,Maman Nasyidah,nasyidah.maman@xmail.com,6wErmU&z^$,Jayapura,2018-11-20
617,Zizi Prasetya,prasetya.zizi@xmail.com,m_OxpNuT$3,Tidore Kepulauan,2018-11-20
618,Karman Utama,utama.karman@xmail.com,s6LEw)pl%R,Bima,2018-11-20
619,Nova Pradana,pradana.nova@xmail.com,+TWMU$Xw5w,Malang,2018-11-20
620,Xanana Maulana,maulana.xanana@xmail.com,86s5Cxi)@a,Bontang,2018-11-20
621,Ghaliyati Zulaika,zulaika.ghaliyati@xmail.com,)5Aj^%It2y,Bekasi,2018-11-21
622,Dacin Waskita,waskita.dacin@xmail.com,G)o6BZJn&7,Pontianak,2018-11-21
623,Kamidin Damanik,damanik.kamidin@xmail.com,c)0R!CAlUb,Denpasar,2018-11-22
624,Gabriella Pratama,pratama.gabriella@xmail.com,W1reVe+m^#,Semarang,2018-11-22
625,Dinda Marbun,marbun.dinda@xmail.com,+X@7aGktb%,Padang,2018-11-22
626,Bakda Tamba,tamba.bakda@xmail.com,eo*7ZvRU!H,Palopo,2018-11-22
627,Harto Siregar,siregar.harto@xmail.com,_nOMNGOk6c,Semarang,2018-11-23
628,Kamila Namaga,namaga.kamila@xmail.com,5$X1xbnq#Q,Bengkulu,2018-11-24
629,Vinsen Nashiruddin,nashiruddin.vinsen@xmail.com,33$5uCwu!5,Padang,2018-11-25
630,Bakidin Mangunsong,mangunsong.bakidin@xmail.com,#rJ9HYtrg8,Kota Administrasi Jakarta Pusat,2018-11-26
631,Nadine Anggriawan,anggriawan.nadine@xmail.com,i)d^B+w%_6,Bima,2018-11-27
632,Digdaya Widodo,widodo.digdaya@xmail.com,2Q#N(1Rpd$,Palembang,2018-11-28
633,Michelle Gunarto,gunarto.michelle@xmail.com,_f8@Ypg0Ms,Jayapura,2018-11-28
634,Gading Utami,utami.gading@xmail.com,5q^6RTVx$x,Tebingtinggi,2018-11-29
635,Margana Uwais,uwais.margana@xmail.com,5GTm2(DvT!,Palopo,2018-11-29
636,Jaswadi Zulaika,zulaika.jaswadi@xmail.com,yZ*s9Il9gx,Palangkaraya,2018-11-30
637,Limar Megantara,megantara.limar@xmail.com,rp!)Y7NwML,Kota Administrasi Jakarta Barat,2018-12-01
638,Ibrahim Nainggolan,nainggolan.ibrahim@xmail.com,kEMp3FXvM),Dumai,2018-12-01
639,Ibrahim Sirait,sirait.ibrahim@xmail.com,vJ2V3Tmyc(,Lubuklinggau,2018-12-02
640,Waluyo Prasasta,prasasta.waluyo@xmail.com,+2XYqpk&!p,Jambi,2018-12-03
641,Luwes Haryanto,haryanto.luwes@xmail.com,sLK0Alsr^9,Tanjungpinang,2018-12-04
642,Kanda Prayoga,prayoga.kanda@xmail.com,@_OG0@cdu2,Makassar,2018-12-05
643,Cawisono Uwais,uwais.cawisono@xmail.com,A@+zk2xteE,Solok,2018-12-05
644,Mala Agustina,agustina.mala@xmail.com,#ys@5Iag7z,Magelang,2018-12-05
645,Ika Firmansyah,firmansyah.ika@xmail.com,UA#M9AxFFP,Pasuruan,2018-12-06
646,Kardi Santoso,santoso.kardi@xmail.com,@cpV@)i517,Ternate,2018-12-06
647,Mahmud Safitri,safitri.mahmud@xmail.com,@2SCbXu_tu,Gorontalo,2018-12-06
648,Baktianto Hutapea,hutapea.baktianto@xmail.com,5qUOeMgV&K,Kota Administrasi Jakarta Selatan,2018-12-07
649,Edward Namaga,namaga.edward@xmail.com,e^1)3WdVWP,Pontianak,2018-12-07
650,Aditya Yolanda,yolanda.aditya@xmail.com,+_Os4JJbsy,Palopo,2018-12-08
651,Nasrullah Kuswandari,kuswandari.nasrullah@xmail.com,^S740dJyCk,Lubuklinggau,2018-12-08
652,Prabowo Usamah,usamah.prabowo@xmail.com,Km#+64La82,Kediri,2018-12-08
653,Harjasa Laksita,laksita.harjasa@xmail.com,)+x7x%Nn95,Sorong,2018-12-09
654,Galiono Sirait,sirait.galiono@xmail.com,J))_f4Vtx%,Madiun,2018-12-10
655,Yuni Pradipta,pradipta.yuni@xmail.com,^UCZ)BYi47,Pekanbaru,2018-12-11
656,Dadap Winarno,winarno.dadap@xmail.com,#Ms9fKGcie,Subulussalam,2018-12-12
657,Adiarja Simbolon,simbolon.adiarja@xmail.com,^9BPrRmZwW,Kota Administrasi Jakarta Barat,2018-12-12
658,Parman Anggraini,anggraini.parman@xmail.com,390ZJJjiL+,Kota Administrasi Jakarta Utara,2018-12-13
659,Viktor Saefullah,saefullah.viktor@xmail.com,0)9)qOjBf$,Sukabumi,2018-12-14
660,Karya Sinaga,sinaga.karya@xmail.com,%))%^9Bq5h,Probolinggo,2018-12-15
661,Bancar Novitasari,novitasari.bancar@xmail.com,&&6Wiq4ec@,Pekalongan,2018-12-15
662,Manah Sinaga,sinaga.manah@xmail.com,i6bdSAV3&q,Mojokerto,2018-12-15
663,Irwan Maryadi,maryadi.irwan@xmail.com,(7FGUh6xs0,Gorontalo,2018-12-15
664,Hairyanto Kusumo,kusumo.hairyanto@xmail.com,!q2Zdnbrm6,Pekanbaru,2018-12-15
665,Asirwada Saragih,saragih.asirwada@xmail.com,!3GFyW0OTk,Solok,2018-12-16
666,Baktianto Anggriawan,anggriawan.baktianto@xmail.com,%0J$o2Jq^I,Palu,2018-12-17
667,Hasan Lazuardi,lazuardi.hasan@xmail.com,@_0PUTfeNg,Bandar Lampung,2018-12-17
668,Bahuraksa Mandasari,mandasari.bahuraksa@xmail.com,&U$7N88fl@,Salatiga,2018-12-17
669,Tedi Purwanti,purwanti.tedi@xmail.com,eg7&FZhF+f,Sawahlunto,2018-12-18
670,Rangga Wahyudin,wahyudin.rangga@xmail.com,5bYcIx&j*u,Pekalongan,2018-12-19
671,Queen Maulana,maulana.queen@xmail.com,5Rl_m3d&)u,Kota Administrasi Jakarta Pusat,2018-12-20
672,Humaira Widiastuti,widiastuti.humaira@xmail.com,k#C3FvVw4D,Tanjungbalai,2018-12-21
673,Harimurti Adriansyah,adriansyah.harimurti@xmail.com,t(1Pe3Zw2@,Batam,2018-12-21
674,Jono Hartati,hartati.jono@xmail.com,@dAG6LVvX$,Meulaboh,2018-12-21
675,Genta Januar,januar.genta@xmail.com,w&zGx9Tl&6,Sibolga,2018-12-21
676,Wakiman Firmansyah,firmansyah.wakiman@xmail.com,eL4*RVbyP^,Prabumulih,2018-12-21
677,Silvia Hardiansyah,hardiansyah.silvia@xmail.com,%0L9#WDwx^,Yogyakarta,2018-12-22
678,Parman Gunawan,gunawan.parman@xmail.com,%VOelH(k)2,Banda Aceh,2018-12-23
679,Ella Uwais,uwais.ella@xmail.com,_8DJ%7wEHn,Surakarta,2018-12-24
680,Hartana Hassanah,hassanah.hartana@xmail.com,_rk1IL5_8d,Sawahlunto,2018-12-24
681,Febi Anggriawan,anggriawan.febi@xmail.com,p2KNN*Gh%l,Salatiga,2018-12-25
682,Gambira Prayoga,prayoga.gambira@xmail.com,vn6U$BHlf_,Singkawang,2018-12-25
683,Cici Wasita,wasita.cici@xmail.com,QO^W_2Htj#,Prabumulih,2018-12-25
684,Nurul Simbolon,simbolon.nurul@xmail.com,GqcduQap%7,Kota Administrasi Jakarta Pusat,2018-12-26
685,Rini Santoso,santoso.rini@xmail.com,4u4T2xqCc%,Depok,2018-12-26
686,Yuliana Tarihoran,tarihoran.yuliana@xmail.com,3MQ+f8RkYC,Tasikmalaya,2018-12-26
687,Kemba Purnawati,purnawati.kemba@xmail.com,6^)FKHem*8,Kota Administrasi Jakarta Timur,2018-12-26
688,Baktiono Aryani,aryani.baktiono@xmail.com,N_71Tldo8S,Banjar,2018-12-27
689,Tania Purnawati,purnawati.tania@xmail.com,!f954Dhu0k,Cimahi,2018-12-27
690,Pranata Putra,putra.pranata@xmail.com,&(9Af*o4M0,Kendari,2018-12-27
691,Usyi Samosir,samosir.usyi@xmail.com,L5o&9+Tmh@,Madiun,2018-12-27
692,Artanto Mandasari,mandasari.artanto@xmail.com,WFe9MFo3B(,Bandar Lampung,2018-12-27
693,Yulia Pratiwi,pratiwi.yulia@xmail.com,lG$G1Otw64,Jayapura,2018-12-27
694,Laras Yuliarti,yuliarti.laras@xmail.com,2#9$Qe+z(6,Bontang,2018-12-28
695,Teddy Setiawan,setiawan.teddy@xmail.com,0%#3UjNjg9,Dumai,2018-12-29
696,Novi Hutagalung,hutagalung.novi@xmail.com,1)MiI+z6@p,Cimahi,2018-12-29
697,Bakti Halimah,halimah.bakti@xmail.com,#U26H(tZh%,Pontianak,2018-12-29
698,Ana Wastuti,wastuti.ana@xmail.com,HQ8vEWRx&Q,Bandung,2018-12-29
699,Hendri Hidayanto,hidayanto.hendri@xmail.com,WI5FJ2dKZ),Bontang,2018-12-29
700,Anggabaya Pradana,pradana.anggabaya@xmail.com,*MrMI4Pmu9,Batu,2018-12-29
701,Malika Sihombing,sihombing.malika@xmail.com,8yoRpAP!^h,Bandar Lampung,2018-12-30
702,Usman Waskita,waskita.usman@xmail.com,YlOQ)KOi^9,Magelang,2018-12-31
703,Tania Farida,farida.tania@xmail.com,i2E84$e)+4,Gorontalo,2019-01-01
704,Abyasa Haryanto,haryanto.abyasa@xmail.com,N%My0I^xs#,Sorong,2019-01-01
705,Titi Simbolon,simbolon.titi@xmail.com,(Vcl26Vv8v,Kota Administrasi Jakarta Pusat,2019-01-01
706,Dariati Maulana,maulana.dariati@xmail.com,r63ZdPIhT(,Lubuklinggau,2019-01-01
707,Balijan Fujiati,fujiati.balijan@xmail.com,N#6EnrOwV&,Cilegon,2019-01-02
708,Malika Simbolon,simbolon.malika@xmail.com,)k6RC&xdZz,Tangerang,2019-01-03
709,Yulia Tamba,tamba.yulia@xmail.com,0_*z9#!bkC,Singkawang,2019-01-04
710,Ellis Hidayanto,hidayanto.ellis@xmail.com,Mp4jQE4c)D,Kupang,2019-01-04
711,Silvia Wacana,wacana.silvia@xmail.com,b&Me3Zq_zj,Tasikmalaya,2019-01-05
712,Yoga Fujiati,fujiati.yoga@xmail.com,&S1vUNv+2%,Pangkalpinang,2019-01-05
713,Tiara Widodo,widodo.tiara@xmail.com,m+ea5hOeq0,Bontang,2019-01-05
714,Bakiadi Mandala,mandala.bakiadi@xmail.com,wt8TjYep$!,Tangerang Selatan,2019-01-06
715,Tiara Mayasari,mayasari.tiara@xmail.com,%XXK8MLqSR,Padang Sidempuan,2019-01-06
716,Maria Utami,utami.maria@xmail.com,@X5BNLoa#7,Banjar,2019-01-06
717,Ibun Hartati,hartati.ibun@xmail.com,$^lRAv@ng6,Prabumulih,2019-01-06
718,Tina Puspasari,puspasari.tina@xmail.com,TC%1H^mw@),Mataram,2019-01-07
719,Dagel Suwarno,suwarno.dagel@xmail.com,Z%8(vW%ri7,Pekalongan,2019-01-07
720,Fathonah Hastuti,hastuti.fathonah@xmail.com,X1P&1vS6(t,Pariaman,2019-01-07
721,Rina Tampubolon,tampubolon.rina@xmail.com,h*P532Mz!%,Sukabumi,2019-01-08
722,Okto Napitupulu,napitupulu.okto@xmail.com,!0OvaInx!g,Payakumbuh,2019-01-09
723,Intan Puspasari,puspasari.intan@xmail.com,mk+65Dt*vb,Batu,2019-01-10
724,Febi Utama,utama.febi@xmail.com,A@7CJxuWpE,Sawahlunto,2019-01-10
725,Candrakanta Pradipta,pradipta.candrakanta@xmail.com,!4pmJUy9SA,Kota Administrasi Jakarta Timur,2019-01-10
726,Bala Mandala,mandala.bala@xmail.com,@aSES7VTk1,Jambi,2019-01-11
727,Dono Narpati,narpati.dono@xmail.com,!Q88HnS%+b,Padang,2019-01-11
728,Mala Zulkarnain,zulkarnain.mala@xmail.com,Xh4IW!(Vh),Tasikmalaya,2019-01-12
729,Bajragin Pradipta,pradipta.bajragin@xmail.com,c$0XUafc@*,Madiun,2019-01-13
730,Rizki Waluyo,waluyo.rizki@xmail.com,_2Y38qViOw,Banjarmasin,2019-01-13
731,Banawa Haryanti,haryanti.banawa@xmail.com,(98(4NGnLA,Cilegon,2019-01-14
732,Yosef Prasetya,prasetya.yosef@xmail.com,2N4wAvyf*d,Salatiga,2019-01-14
733,Dariati Permadi,permadi.dariati@xmail.com,%bTXlZhO4+,Ambon,2019-01-14
734,Yono Nababan,nababan.yono@xmail.com,fJd12XojT#,Makassar,2019-01-15
735,Nasab Halimah,halimah.nasab@xmail.com,48K^T_Ip$R,Ternate,2019-01-16
736,Ikhsan Pratama,pratama.ikhsan@xmail.com,!V(BiL3D^1,Parepare,2019-01-16
737,Yunita Saefullah,saefullah.yunita@xmail.com,(!om2Vy&Vu,Tomohon,2019-01-16
738,Utama Puspita,puspita.utama@xmail.com,+Y28A+gx23,Jayapura,2019-01-17
739,Puji Mansur,mansur.puji@xmail.com,!YXAcx%s1!,Bima,2019-01-18
740,Cawisadi Manullang,manullang.cawisadi@xmail.com,(417QEcnu$,Palopo,2019-01-19
741,Soleh Natsir,natsir.soleh@xmail.com,)7Ik@IFRuq,Sabang,2019-01-20
742,Yusuf Widodo,widodo.yusuf@xmail.com,m91qWx$p_^,Magelang,2019-01-20
743,Hasna Mansur,mansur.hasna@xmail.com,o3#40NYpfS,Bandar Lampung,2019-01-20
744,Atmaja Anggriawan,anggriawan.atmaja@xmail.com,0BilVZ2w!x,Tebingtinggi,2019-01-21
745,Eja Thamrin,thamrin.eja@xmail.com,k6V9dS_b^9,Lubuklinggau,2019-01-21
746,Prabu Halimah,halimah.prabu@xmail.com,@o!86DNEQ!,Bukittinggi,2019-01-21
747,Kawaya Melani,melani.kawaya@xmail.com,$A0UfL#v$5,Yogyakarta,2019-01-21
748,Qori Usada,usada.qori@xmail.com,%l2qERrc(7,Kota Administrasi Jakarta Barat,2019-01-21
749,Diana Nababan,nababan.diana@xmail.com,&73%QXu0Ub,Padangpanjang,2019-01-22
750,Elon Uwais,uwais.elon@xmail.com,+x8MNgvY+w,Kediri,2019-01-22
751,Vera Uwais,uwais.vera@xmail.com,8ftV&FI8^U,Kendari,2019-01-23
752,Ida Mardhiyah,mardhiyah.ida@xmail.com,f)X2Ik9Z(9,Tarakan,2019-01-23
753,Dipa Widodo,widodo.dipa@xmail.com,l+3ZMr)ey5,Sukabumi,2019-01-24
754,Mariadi Prasetyo,prasetyo.mariadi@xmail.com,6&BxOxz*!p,Bandar Lampung,2019-01-25
755,Lidya Kurniawan,kurniawan.lidya@xmail.com,^6u6FMD78r,Mojokerto,2019-01-25
756,Oman Suryatmi,suryatmi.oman@xmail.com,^^BQj9c4H2,Cimahi,2019-01-25
757,Galih Pratama,pratama.galih@xmail.com,)LC9&Qep9Q,Mojokerto,2019-01-25
758,Sabri Fujiati,fujiati.sabri@xmail.com,+wJovvQ%r0,Bukittinggi,2019-01-25
759,Yessi Hasanah,hasanah.yessi@xmail.com,*05sEmXg@N,Pontianak,2019-01-25
760,Karsana Siregar,siregar.karsana@xmail.com,0TDyjDhp+g,Kediri,2019-01-26
761,Sadina Wahyudin,wahyudin.sadina@xmail.com,)L1WBFTdl9,Padang,2019-01-26
762,Malika Pertiwi,pertiwi.malika@xmail.com,U6j9YWWt)y,Prabumulih,2019-01-27
763,Opan Prastuti,prastuti.opan@xmail.com,C*&9HXe202,Salatiga,2019-01-27
764,Ira Hakim,hakim.ira@xmail.com,zNHWia#K&9,Sungai Penuh,2019-01-28
765,Jinawi Nurdiyanti,nurdiyanti.jinawi@xmail.com,#yYsxa(_8X,Semarang,2019-01-28
766,Nasim Palastri,palastri.nasim@xmail.com,7j2NIvn@_J,Tomohon,2019-01-28
767,Dimas Ramadan,ramadan.dimas@xmail.com,$Vjo8sMn4r,Meulaboh,2019-01-29
768,Budi Hakim,hakim.budi@xmail.com,^@mC6Q$%Rg,Palu,2019-01-30
769,Rahman Nugroho,nugroho.rahman@xmail.com,_Z8$FZGsKW,Tebingtinggi,2019-01-30
770,Reksa Zulkarnain,zulkarnain.reksa@xmail.com,_e&qTnuuy2,Pontianak,2019-01-31
771,Vivi Nasyidah,nasyidah.vivi@xmail.com,G1vwBe0g%(,Cimahi,2019-02-01
772,Violet Jailani,jailani.violet@xmail.com,G9JFyBMa@F,Lhokseumawe,2019-02-01
773,Karsana Rahayu,rahayu.karsana@xmail.com,$29$mJSk!c,Bontang,2019-02-01
774,Wira Mandasari,mandasari.wira@xmail.com,^nFqsVf*_8,Ternate,2019-02-02
775,Ani Sudiati,sudiati.ani@xmail.com,*5m5(QSnY3,Padang,2019-02-03
776,Wulan Lazuardi,lazuardi.wulan@xmail.com,H*7WjbkF!S,Tangerang,2019-02-03
777,Galuh Irawan,irawan.galuh@xmail.com,Cz5cHAyav&,Tomohon,2019-02-03
778,Melinda Gunarto,gunarto.melinda@xmail.com,(5YRjqw)y9,Tebingtinggi,2019-02-03
779,Malika Ramadan,ramadan.malika@xmail.com,(4oXSU&eYP,Kendari,2019-02-04
780,Hilda Wacana,wacana.hilda@xmail.com,Rx1vLGPg*6,Solok,2019-02-05
781,Kartika Fujiati,fujiati.kartika@xmail.com,()7WzeZBQH,Bandar Lampung,2019-02-06
782,Tari Tarihoran,tarihoran.tari@xmail.com,CL6b0sXt&7,Dumai,2019-02-06
783,Estiono Thamrin,thamrin.estiono@xmail.com,6Fcgo4u4v),Kota Administrasi Jakarta Selatan,2019-02-06
784,Capa Zulaika,zulaika.capa@xmail.com,DzNRDyUH^2,Bima,2019-02-06
785,Ivan Mayasari,mayasari.ivan@xmail.com,@@ZWmwT@B8,Tangerang,2019-02-07
786,Devi Permata,permata.devi@xmail.com,N@Qe1P#t3A,Madiun,2019-02-07
787,Halim Kurniawan,kurniawan.halim@xmail.com,$2Lot5Jp$x,Cirebon,2019-02-08
788,Vino Winarno,winarno.vino@xmail.com,VM8g)Dw))Q,Padangpanjang,2019-02-08
789,Bambang Simbolon,simbolon.bambang@xmail.com,hR8p8Nzys),Pekalongan,2019-02-08
790,Edi Sihombing,sihombing.edi@xmail.com,d)1C!z+AZV,Batam,2019-02-08
791,Hamzah Ardianto,ardianto.hamzah@xmail.com,QY5Pc99bX^,Palopo,2019-02-09
792,Raina Farida,farida.raina@xmail.com,+4Ung0F3+Q,Blitar,2019-02-09
793,Heru Sudiati,sudiati.heru@xmail.com,Y%0rQIUj#D,Surakarta,2019-02-09
794,Viktor Nugroho,nugroho.viktor@xmail.com,BhE5NGPo#X,Mojokerto,2019-02-10
795,Balamantri Pudjiastuti,pudjiastuti.balamantri@xmail.com,#%D2kuuax7,Ternate,2019-02-10
796,Ridwan Narpati,narpati.ridwan@xmail.com,aVZZSk0a@6,Kota Administrasi Jakarta Timur,2019-02-10
797,Rafid Maheswara,maheswara.rafid@xmail.com,rX79vU7xl*,Ambon,2019-02-10
798,Hardi Pertiwi,pertiwi.hardi@xmail.com,%6CfQO(O#7,Bandar Lampung,2019-02-10
799,Vera Januar,januar.vera@xmail.com,kpS0rMTx#5,Tanjungbalai,2019-02-11
800,Panca Widiastuti,widiastuti.panca@xmail.com,Z(%oh5F28h,Palu,2019-02-12
801,Cahyanto Situmorang,situmorang.cahyanto@xmail.com,sq@3Xjgs#@,Banjarmasin,2019-02-12
802,Padma Napitupulu,napitupulu.padma@xmail.com,!c9X(HNp(+,Sibolga,2019-02-13
803,Vanesa Irawan,irawan.vanesa@xmail.com,@t$Mm_DgR1,Palangkaraya,2019-02-13
804,Prabawa Sirait,sirait.prabawa@xmail.com,1a8AQAv1$@,Samarinda,2019-02-13
805,Edi Padmasari,padmasari.edi@xmail.com,*0Y2dSRGi),Bontang,2019-02-13
806,Yoga Habibi,habibi.yoga@xmail.com,&51LW%txJp,Kotamobagu,2019-02-14
807,Febi Yulianti,yulianti.febi@xmail.com,w+rY!5Ki%@,Medan,2019-02-14
808,Slamet Samosir,samosir.slamet@xmail.com,)1D9ovLo_l,Sabang,2019-02-15
809,Banara Lazuardi,lazuardi.banara@xmail.com,1gkS*Bi&(Q,Bima,2019-02-16
810,Ega Rahayu,rahayu.ega@xmail.com,%&PI1Kew!m,Dumai,2019-02-16
811,Rama Natsir,natsir.rama@xmail.com,@1RAEaJ6#3,Cilegon,2019-02-16
812,Tasnim Rajasa,rajasa.tasnim@xmail.com,&VQnNe#yH6,Binjai,2019-02-17
813,Baktianto Hassanah,hassanah.baktianto@xmail.com,)6@aVov^e7,Surakarta,2019-02-18
814,Cahyadi Simanjuntak,simanjuntak.cahyadi@xmail.com,X#V0WOttRI,Tangerang Selatan,2019-02-18
815,Dimas Agustina,agustina.dimas@xmail.com,9I&94RxN75,Sawahlunto,2019-02-19
816,Jelita Latupono,latupono.jelita@xmail.com,%7Zrowa3)M,Cilegon,2019-02-20
817,Tania Widiastuti,widiastuti.tania@xmail.com,a7UsSy&z_0,Bau-Bau,2019-02-21
818,Tirtayasa Damanik,damanik.tirtayasa@xmail.com,V+8#mQSu7R,Samarinda,2019-02-22
819,Tasnim Mayasari,mayasari.tasnim@xmail.com,0^7$7NrooA,Tual,2019-02-22
820,Salimah Winarsih,winarsih.salimah@xmail.com,@VkWQs+pH2,Kediri,2019-02-22
821,Daryani Rajata,rajata.daryani@xmail.com,E@sZ19NdTC,Denpasar,2019-02-23
822,Lanang Uyainah,uyainah.lanang@xmail.com,!nNSfvJw9+,Bima,2019-02-24
823,Prasetyo Megantara,megantara.prasetyo@xmail.com,yY8S!xxj#5,Bogor,2019-02-25
824,Kariman Widodo,widodo.kariman@xmail.com,KU2Y%q3nV*,Tasikmalaya,2019-02-26
825,Rahman Kurniawan,kurniawan.rahman@xmail.com,I!$63PPxjd,Kota Administrasi Jakarta Selatan,2019-02-27
826,Drajat Susanti,susanti.drajat@xmail.com,#6K#uH%h@t,Probolinggo,2019-02-28
827,Gilda Adriansyah,adriansyah.gilda@xmail.com,*^8QRkeY&7,Tanjungpinang,2019-02-28
828,Lala Widodo,widodo.lala@xmail.com,+9RcqCVylo,Mataram,2019-03-01
829,Jumadi Wibowo,wibowo.jumadi@xmail.com,^0L%nRdl+B,Madiun,2019-03-02
830,Panca Rahimah,rahimah.panca@xmail.com,$VaAPRa1!6,Palangkaraya,2019-03-02
831,Almira Zulkarnain,zulkarnain.almira@xmail.com,7@k5ZnhD!U,Pagaralam,2019-03-02
832,Elon Prasasta,prasasta.elon@xmail.com,^j4ZIdmHCX,Bitung,2019-03-03
833,Gara Maryadi,maryadi.gara@xmail.com,L2NaYzB%%^,Prabumulih,2019-03-03
834,Dina Uyainah,uyainah.dina@xmail.com,&R(VyAOy20,Palopo,2019-03-04
835,Emong Wasita,wasita.emong@xmail.com,z_(036Ur%2,Purwokerto,2019-03-05
836,Naradi Usada,usada.naradi@xmail.com,#)bd5Iqky7,Sungai Penuh,2019-03-06
837,Warji Sirait,sirait.warji@xmail.com,(G+eLi2cy+,Kota Administrasi Jakarta Barat,2019-03-07
838,Titi Sihombing,sihombing.titi@xmail.com,#_T20^feaP,Kota Administrasi Jakarta Pusat,2019-03-08
839,Maryadi Usada,usada.maryadi@xmail.com,$0CSn7tCMA,Parepare,2019-03-09
840,Cornelia Suwarno,suwarno.cornelia@xmail.com,z(61E7$lmN,Tarakan,2019-03-09
841,Indah Kurniawan,kurniawan.indah@xmail.com,u_HPaqgl!5,Lubuklinggau,2019-03-09
842,Yono Prastuti,prastuti.yono@xmail.com,8L2Pd&fW+G,Semarang,2019-03-09
843,Uda Marpaung,marpaung.uda@xmail.com,3+HZS#u+(s,Cimahi,2019-03-09
844,Erik Maheswara,maheswara.erik@xmail.com,51@dGKAf!Y,Purwokerto,2019-03-10
845,Caturangga Sihombing,sihombing.caturangga@xmail.com,&%fs5BMz$h,Depok,2019-03-10
846,Lasmono Saragih,saragih.lasmono@xmail.com,k#2j@9KvF&,Magelang,2019-03-10
847,Arta Gunawan,gunawan.arta@xmail.com,&&!6VA&moz,Bengkulu,2019-03-11
848,Raditya Susanti,susanti.raditya@xmail.com,MQ4jiJYt_),Pontianak,2019-03-12
849,Jarwa Namaga,namaga.jarwa@xmail.com,s&8zaRXqFV,Metro,2019-03-12
850,Arsipatra Riyanti,riyanti.arsipatra@xmail.com,A2iEoYUn$c,Bogor,2019-03-12
851,Cakrabuana Hariyah,hariyah.cakrabuana@xmail.com,x5Q9khOG^^,Bogor,2019-03-13
852,Teddy Santoso,santoso.teddy@xmail.com,v2ELmtt7#7,Medan,2019-03-13
853,Amalia Gunawan,gunawan.amalia@xmail.com,)o_^6Yq@g%,Palu,2019-03-13
854,Gangsa Prabowo,prabowo.gangsa@xmail.com,Pu4rP8%f#t,Bekasi,2019-03-14
855,Empluk Andriani,andriani.empluk@xmail.com,@!RkvZhz(6,Surabaya,2019-03-14
856,Cawuk Sihotang,sihotang.cawuk@xmail.com,#h4mkCx2#6,Pariaman,2019-03-14
857,Kambali Yolanda,yolanda.kambali@xmail.com,Be84ZSzIT@,Kota Administrasi Jakarta Utara,2019-03-15
858,Warsa Latupono,latupono.warsa@xmail.com,&uT2Bz3j1#,Jayapura,2019-03-16
859,Yessi Najmudin,najmudin.yessi@xmail.com,7jfKJrgq@R,Palopo,2019-03-16
860,Harsanto Rahmawati,rahmawati.harsanto@xmail.com,ru3SWBiu(Y,Magelang,2019-03-17
861,Mulyono Habibi,habibi.mulyono@xmail.com,w7XEEI31*V,Sorong,2019-03-17
862,Lasmanto Dabukke,dabukke.lasmanto@xmail.com,_&9jv*DhC9,Subulussalam,2019-03-18
863,Asirwada Waskita,waskita.asirwada@xmail.com,+uLvchsb19,Tual,2019-03-19
864,Timbul Nainggolan,nainggolan.timbul@xmail.com,#EgTrtbn$7,Tanjungbalai,2019-03-20
865,Kiandra Lazuardi,lazuardi.kiandra@xmail.com,vq4Lde%SY!,Malang,2019-03-21
866,Jinawi Wahyudin,wahyudin.jinawi@xmail.com,9K#IOve@_v,Pariaman,2019-03-21
867,Karsa Gunawan,gunawan.karsa@xmail.com,+cf3bUPqxF,Metro,2019-03-22
868,Galar Sitorus,sitorus.galar@xmail.com,^nGfG6s1*0,Lhokseumawe,2019-03-22
869,Mitra Kuswoyo,kuswoyo.mitra@xmail.com,0#sXzE!i@t,Binjai,2019-03-22
870,Cecep Winarno,winarno.cecep@xmail.com,_u8cwHLz&7,Bekasi,2019-03-22
871,Gangsa Rahayu,rahayu.gangsa@xmail.com,B9YoJn1!+L,Pangkalpinang,2019-03-23
872,Wira Dongoran,dongoran.wira@xmail.com,ta9o4E!1d+,Pematangsiantar,2019-03-24
873,Karen Lestari,lestari.karen@xmail.com,T+0P3FVlVB,Tarakan,2019-03-24
874,Baktianto Sirait,sirait.baktianto@xmail.com,$73SRyPVsl,Cimahi,2019-03-25
875,Xanana Marpaung,marpaung.xanana@xmail.com,390Fr_v%!8,Batam,2019-03-26
876,Saiful Tarihoran,tarihoran.saiful@xmail.com,d)9g)Wyge+,Medan,2019-03-27
877,Harsanto Gunarto,gunarto.harsanto@xmail.com,C$62c8Cn5#,Singkawang,2019-03-28
878,Gawati Prasetyo,prasetyo.gawati@xmail.com,azVamy^A#1,Bandar Lampung,2019-03-28
879,Karsa Prayoga,prayoga.karsa@xmail.com,+G+&q8Ic%I,Kediri,2019-03-28
880,Pandu Mangunsong,mangunsong.pandu@xmail.com,HEA9Q6zKJ@,Balikpapan,2019-03-29
881,Lukita Yuliarti,yuliarti.lukita@xmail.com,2o6KFox6)b,Tangerang,2019-03-30
882,Diah Mulyani,mulyani.diah@xmail.com,O_wX0ux5BR,Dumai,2019-03-31
883,Ira Sirait,sirait.ira@xmail.com,w21X%j47$m,Padang,2019-04-01
884,Asman Wahyudin,wahyudin.asman@xmail.com,jGd4OLoef+,Kota Administrasi Jakarta Timur,2019-04-02
885,Panji Winarno,winarno.panji@xmail.com,GlJtYq9@+9,Makassar,2019-04-03
886,Hairyanto Wacana,wacana.hairyanto@xmail.com,vzHo2K5Ly),Meulaboh,2019-04-03
887,Dipa Suwarno,suwarno.dipa@xmail.com,V6s4mAUrf!,Bima,2019-04-04
888,Wulan Budiyanto,budiyanto.wulan@xmail.com,gO8EUv^g!t,Mataram,2019-04-04
889,Tira Setiawan,setiawan.tira@xmail.com,+7oacNqZ2Z,Jayapura,2019-04-05
890,Tirtayasa Hariyah,hariyah.tirtayasa@xmail.com,H2SM(tZn*d,Medan,2019-04-06
891,Martana Yulianti,yulianti.martana@xmail.com,uac0B1Mo2(,Tual,2019-04-07
892,Raden Nuraini,nuraini.raden@xmail.com,t21PD+jff_,Blitar,2019-04-07
893,Pangeran Susanti,susanti.pangeran@xmail.com,0Z^3dHQe!E,Pagaralam,2019-04-08
894,Sabar Irawan,irawan.sabar@xmail.com,(5SBPGpxil,Pasuruan,2019-04-09
895,Drajat Mangunsong,mangunsong.drajat@xmail.com,omSs1TLu&O,Madiun,2019-04-09
896,Timbul Saptono,saptono.timbul@xmail.com,yyG+eg*W#2,Banjarmasin,2019-04-09
897,Perkasa Najmudin,najmudin.perkasa@xmail.com,a)5s5NGlZR,Ambon,2019-04-09
898,Amalia Winarsih,winarsih.amalia@xmail.com,jaB3a4Rj%^,Meulaboh,2019-04-10
899,Budi Sihotang,sihotang.budi@xmail.com,$BUl4ZpJf+,Salatiga,2019-04-11
900,Umi Iswahyudi,iswahyudi.umi@xmail.com,)6Ol%lmg0S,Bogor,2019-04-11
901,Tina Irawan,irawan.tina@xmail.com,U#4CHRgITQ,Pariaman,2019-04-12
902,Jail Hutapea,hutapea.jail@xmail.com,ao#2ExRNS),Sorong,2019-04-12
903,Prakosa Sitompul,sitompul.prakosa@xmail.com,bkZ13$Aqo%,Kotamobagu,2019-04-12
904,Yosef Ardianto,ardianto.yosef@xmail.com,J+H0bAeUVu,Tanjungbalai,2019-04-12
905,Bagas Rajasa,rajasa.bagas@xmail.com,6^02VA8J1n,Jayapura,2019-04-12
906,Maras Putra,putra.maras@xmail.com,f1D+So3A!5,Malang,2019-04-12
907,Kardi Zulkarnain,zulkarnain.kardi@xmail.com,x_q694Hkkj,Tarakan,2019-04-13
908,Kariman Saefullah,saefullah.kariman@xmail.com,U7J@inh0)7,Tebingtinggi,2019-04-14
909,Ibrani Permata,permata.ibrani@xmail.com,_8U*+xzyK%,Madiun,2019-04-15
910,Luhung Maryati,maryati.luhung@xmail.com,e^3lJju!AT,Salatiga,2019-04-16
911,Balangga Dabukke,dabukke.balangga@xmail.com,#3pCHEDe5C,Samarinda,2019-04-16
912,Oni Pratama,pratama.oni@xmail.com,@14W4^lS$3,Depok,2019-04-17
913,Lukman Haryanti,haryanti.lukman@xmail.com,2*Ibengb%j,Metro,2019-04-18
914,Lalita Hardiansyah,hardiansyah.lalita@xmail.com,#KUM1v3B1R,Pagaralam,2019-04-19
915,Purwa Sirait,sirait.purwa@xmail.com,gki7)zY5_#,Balikpapan,2019-04-19
916,Jagaraga Damanik,damanik.jagaraga@xmail.com,M^d3JIvnp$,Cirebon,2019-04-20
917,Kala Yuniar,yuniar.kala@xmail.com,^0BVcm0#3t,Batam,2019-04-20
918,Lala Budiyanto,budiyanto.lala@xmail.com,w7)$FWrf@a,Padang Sidempuan,2019-04-21
919,Danuja Oktaviani,oktaviani.danuja@xmail.com,)ZIqKbM_P2,Meulaboh,2019-04-22
920,Pandu Nasyidah,nasyidah.pandu@xmail.com,%4NYLi^xQ&,Kendari,2019-04-23
921,Zamira Situmorang,situmorang.zamira@xmail.com,tX8Nsz$n9+,Semarang,2019-04-24
922,Pia Safitri,safitri.pia@xmail.com,%r5O0FOt64,Bukittinggi,2019-04-24
923,Edward Kusumo,kusumo.edward@xmail.com,&mV2M22vdm,Pekalongan,2019-04-25
924,Dalima Mandasari,mandasari.dalima@xmail.com,!Ml(9Sik^i,Mojokerto,2019-04-26
925,Sabar Usada,usada.sabar@xmail.com,g37LOFtt_@,Bontang,2019-04-27
926,Nurul Mansur,mansur.nurul@xmail.com,u+95uwSx+!,Sukabumi,2019-04-27
927,Rendy Natsir,natsir.rendy@xmail.com,y4FV7QZS)3,Kota Administrasi Jakarta Timur,2019-04-28
928,Karimah Nasyidah,nasyidah.karimah@xmail.com,&o2njFCu$e,Langsa,2019-04-28
929,Agus Jailani,jailani.agus@xmail.com,7RG1hQbk)U,Ternate,2019-04-29
930,Prayoga Uyainah,uyainah.prayoga@xmail.com,&4Mx4a(_ul,Tanjungbalai,2019-04-29
931,Cagak Gunawan,gunawan.cagak@xmail.com,Rk2gvtTiq%,Samarinda,2019-04-30
932,Zahra Novitasari,novitasari.zahra@xmail.com,2g2QJwgh@%,Depok,2019-05-01
933,Hilda Widodo,widodo.hilda@xmail.com,$CA6R5kvS1,Palopo,2019-05-02
934,Raden Nasyidah,nasyidah.raden@xmail.com,h+p6TrFosb,Subulussalam,2019-05-03
935,Darsirah Usamah,usamah.darsirah@xmail.com,Lm6F(y2bk(,Malang,2019-05-04
936,Hardi Hariyah,hariyah.hardi@xmail.com,+CXgdcsO*9,Sungai Penuh,2019-05-05
937,Kasiran Prayoga,prayoga.kasiran@xmail.com,Ww@t9EVoR6,Tasikmalaya,2019-05-05
938,Gada Wijaya,wijaya.gada@xmail.com,Ri5WnmLAP&,Surakarta,2019-05-06
939,Tedi Utami,utami.tedi@xmail.com,g_UW0Y_oJY,Pasuruan,2019-05-06
940,Artawan Purwanti,purwanti.artawan@xmail.com,LtOTZo98!8,Pangkalpinang,2019-05-07
941,Jayeng Suwarno,suwarno.jayeng@xmail.com,3gURz9k#*8,Madiun,2019-05-08
942,Gangsa Lazuardi,lazuardi.gangsa@xmail.com,!2HMs@S8eE,Surakarta,2019-05-08
943,Bakda Sitompul,sitompul.bakda@xmail.com,*Xg4pVSrq@,Tangerang,2019-05-09
944,Muhammad Wibisono,wibisono.muhammad@xmail.com,rjE36wDs_T,Salatiga,2019-05-10
945,Bala Mardhiyah,mardhiyah.bala@xmail.com,*+UldY3Fc0,Pariaman,2019-05-10
946,Kuncara Widiastuti,widiastuti.kuncara@xmail.com,mF^#_6RmXK,Denpasar,2019-05-10
947,Gilang Maheswara,maheswara.gilang@xmail.com,3Za0#KhGS),Cimahi,2019-05-10
948,Dadi Pradipta,pradipta.dadi@xmail.com,O(3KD*apW!,Tasikmalaya,2019-05-11
949,Warsa Prakasa,prakasa.warsa@xmail.com,OJ2ZUoTeB_,Tasikmalaya,2019-05-12
950,Luis Januar,januar.luis@xmail.com,OXL&1QZkW7,Manado,2019-05-12
951,Eko Salahudin,salahudin.eko@xmail.com,*9nX(xdyM8,Pasuruan,2019-05-12
952,Carla Nasyidah,nasyidah.carla@xmail.com,R3G^2nQd!v,Cirebon,2019-05-12
953,Yosef Palastri,palastri.yosef@xmail.com,3KBA1KAj*u,Pekanbaru,2019-05-13
954,Julia Kurniawan,kurniawan.julia@xmail.com,18^6VgpVHu,Metro,2019-05-14
955,Rini Astuti,astuti.rini@xmail.com,V5B#$tD4%t,Surabaya,2019-05-15
956,Endah Siregar,siregar.endah@xmail.com,Gg2QXUoj%F,Subulussalam,2019-05-16
957,Kamila Tampubolon,tampubolon.kamila@xmail.com,(2Q^xMRa(Y,Subulussalam,2019-05-17
958,Ophelia Hartati,hartati.ophelia@xmail.com,h7A7C*ku@i,Denpasar,2019-05-18
959,Ibrahim Uyainah,uyainah.ibrahim@xmail.com,!KQjUqyn^3,Palembang,2019-05-19
960,Waluyo Permata,permata.waluyo@xmail.com,!JJ5mKYehR,Tangerang,2019-05-20
961,Paiman Damanik,damanik.paiman@xmail.com,+1!DRpsAZB,Tanjungbalai,2019-05-21
962,Febi Simbolon,simbolon.febi@xmail.com,)8%13MQw(k,Bogor,2019-05-22
963,Tasnim Hutapea,hutapea.tasnim@xmail.com,W$355QxSyy,Surakarta,2019-05-23
964,Jumadi Irawan,irawan.jumadi@xmail.com,5O5Mq*9m_$,Denpasar,2019-05-23
965,Vino Dabukke,dabukke.vino@xmail.com,#8ID61Tl6n,Madiun,2019-05-24
966,Rachel Putra,putra.rachel@xmail.com,I7^8#bUjy!,Bogor,2019-05-25
967,Cici Jailani,jailani.cici@xmail.com,%RVViuUU$4,Pekalongan,2019-05-25
968,Gasti Setiawan,setiawan.gasti@xmail.com,7)x8Oniys_,Sukabumi,2019-05-26
969,Soleh Puspasari,puspasari.soleh@xmail.com,i1mZi#Ad(Q,Palembang,2019-05-26
970,Shania Tamba,tamba.shania@xmail.com,39N36Xh!(v,Denpasar,2019-05-27
971,Hafshah Mahendra,mahendra.hafshah@xmail.com,&x2^Lp5i#a,Batam,2019-05-28
972,Arta Hakim,hakim.arta@xmail.com,os7+WjoZ%+,Tomohon,2019-05-29
973,Kadir Palastri,palastri.kadir@xmail.com,*N0SxU31^O,Padangpanjang,2019-05-30
974,Daliono Kurniawan,kurniawan.daliono@xmail.com,(GBc3b+Hd9,Mojokerto,2019-05-31
975,Radit Mansur,mansur.radit@xmail.com,@S#LNB%g_9,Bekasi,2019-05-31
976,Harjasa Firmansyah,firmansyah.harjasa@xmail.com,&_mT7FfG_(,Binjai,2019-05-31
977,Kamaria Marbun,marbun.kamaria@xmail.com,L(1y_Papu),Bontang,2019-05-31
978,Mahdi Najmudin,najmudin.mahdi@xmail.com,$wtI@8yLo9,Padangpanjang,2019-06-01
979,Siska Utami,utami.siska@xmail.com,uh^MmD@x^5,Bandung,2019-06-01
980,Eluh Kurniawan,kurniawan.eluh@xmail.com,BuVo9JVd@g,Pekanbaru,2019-06-02
981,Vivi Andriani,andriani.vivi@xmail.com,#OP7L@hma3,Solok,2019-06-02
982,Jessica Mustofa,mustofa.jessica@xmail.com,$Uf6JbyH@Y,Pekanbaru,2019-06-02
983,Taufan Saputra,saputra.taufan@xmail.com,*U0BJQpfz2,Ambon,2019-06-02
984,Hamzah Pratama,pratama.hamzah@xmail.com,SAkh0LaX!!,Banda Aceh,2019-06-03
985,Kayla Iswahyudi,iswahyudi.kayla@xmail.com,&m_OvgYRx9,Langsa,2019-06-04
986,Hesti Hutasoit,hutasoit.hesti@xmail.com,G6@PoV8i(r,Lubuklinggau,2019-06-04
987,Cengkal Wijayanti,wijayanti.cengkal@xmail.com,d)_8Ul@Zlb,Padang Sidempuan,2019-06-04
988,Asmuni Hassanah,hassanah.asmuni@xmail.com,^tS8HKe*67,Bogor,2019-06-04
989,Sabrina Prasetya,prasetya.sabrina@xmail.com,9!x(#7Tycs,Cilegon,2019-06-04
990,Ibun Situmorang,situmorang.ibun@xmail.com,*XAT_j*(I0,Surakarta,2019-06-04
991,Raden Latupono,latupono.raden@xmail.com,0%0O&TtL#!,Malang,2019-06-04
992,Cemani Mahendra,mahendra.cemani@xmail.com,!O4hRmrwhB,Jayapura,2019-06-05
993,Rachel Salahudin,salahudin.rachel@xmail.com,&0FflDtA&7,Padang Sidempuan,2019-06-05
994,Fathonah Narpati,narpati.fathonah@xmail.com,h)#w5YdoeG,Solok,2019-06-05
995,Tasdik Wasita,wasita.tasdik@xmail.com,k9M^Q%3i(7,Bontang,2019-06-06
996,Dwi Prakasa,prakasa.dwi@xmail.com,AA4gZg(&k^,Kota Administrasi Jakarta Pusat,2019-06-06
997,Kartika Natsir,natsir.kartika@xmail.com,!8m6*eVwSR,Lhokseumawe,2019-06-06
998,Ihsan Sirait,sirait.ihsan@xmail.com,_9ZfRjlRzH,Cilegon,2019-06-07
999,Opung Saragih,saragih.opung@xmail.com,f4Ce$XzJ$5,Banjarmasin,2019-06-08
1000,Halim Marpaung,marpaung.halim@xmail.com,L!Y3$&8t3D,Tual,2019-06-09
